tmigs,7410,4035,06/24/14
YXbest,6240,3770,08/04/14
tmigs,6140,3186,06/23/14
eks,5330,2531,03/14/14
tmigs,4950,2631,06/21/14
Fritz,4650,4121,02/16/12
bex280,4170,1760,10/02/14
eks,3920,1095,11/08/13
nikhil_gurukul6,3790,2312,08/23/12
tmigs,3760,1269,06/19/14
tmigs,3700,2013,06/22/14
eks,3660,1218,03/07/13
bex280,3620,1229,10/02/14
RemiTheKid,3560,2507,10/20/11
eks,3450,1608,02/19/13
bex280,3440,1406,09/23/14
bex280,3430,1435,09/19/14
eks,3390,877,11/07/13
tmigs,3100,1602,06/23/14
bex280,3000,1131,09/05/14
MattP,2890,1371,06/20/14
tmigs,2680,824,06/20/14
Luthien,2580,993,07/09/14
tammy,2570,584,03/29/14
jae,2540,819,12/03/14
iyei,2510,1514,12/02/11
eks,2480,521,03/20/12
bex280,2450,901,08/28/14
tmigs,2440,1522,06/22/14
tmigs,2390,764,06/21/14
tonysucks,2260,845,06/20/14
mike67,2210,514,11/18/14
RemiTheKid,2110,878,10/30/11
Anna,2100,946,01/11/13
jae,2020,492,11/17/14
tmigs,2000,362,06/21/14
mcc,1970,498,11/07/14
mike,1960,603,09/10/14
Luthien,1950,768,07/09/14
Amir,1930,478,11/26/11
mike6,1910,506,10/22/14
MattP,1880,364,06/21/14
tmigs,1880,845,06/19/14
Victor,1870,506,02/21/12
lukasz,1870,1688,04/02/14
utopik,1840,502,07/23/13
Doug,1830,1036,10/05/11
katie,1820,462,08/25/14
tmigs,1810,353,06/22/14
katie,1790,480,09/10/14
katie,1770,404,08/16/14
ahge5,1770,514,04/19/12
Simpli,1760,427,03/19/12
katie,1760,468,08/07/14
MattP,1760,513,06/20/14
Red,1760,601,10/25/11
katie,1750,383,08/28/14
katie,1750,449,08/28/14
tmigs,1750,467,06/20/14
HSG,1730,461,12/01/14
RemiTheKid,1730,764,10/20/11
KOALA,1730,1412,07/19/13
xrx,1730,1197,10/15/11
BOBOB,1720,280,10/21/11
bex280,1720,455,08/27/14
Luthien,1700,609,07/06/14
HSG,1690,424,12/03/14
davai,1680,302,09/08/14
tmigs,1670,782,06/19/14
CrazyWayne,1660,442,03/14/12
tammy,1640,309,03/29/14
awe,1640,408,10/09/11
king,1630,517,07/10/12
usb333Majid,1620,346,08/20/12
Simpli,1610,292,02/16/12
MattP,1610,607,06/21/14
CrazyWayne,1610,296,04/23/12
BOSSJMAN,1610,317,10/31/11
tuco,1610,543,09/28/11
Claudi,1600,338,06/26/12
JMan,1600,390,05/23/13
fde,1590,320,05/15/12
RemiTheKid,1590,483,02/03/12
Hoff,1590,503,02/11/12
Simpli,1580,289,12/07/11
ddd,1580,322,12/04/14
HSG,1580,395,12/02/14
Deniz,1580,439,09/18/14
mike,1580,4064,07/03/14
Majid,1580,367,08/08/12
Majid,1570,278,08/21/12
katie,1570,429,08/23/14
Kakashi,1570,535,04/25/13
noah,1570,291,01/31/12
HSG,1560,341,12/17/14
Luthien,1560,371,07/06/14
Hoff,1560,617,02/11/12
katie,1550,350,08/15/14
katie,1550,395,08/19/14
yorumngald,1550,381,05/11/12
Amir,1540,338,02/09/12
MartyPants,1540,383,01/22/12
Mishari,1540,508,09/24/11
kijj,1530,251,11/04/14
HSG,1530,365,12/07/14
Majid,1530,357,08/08/12
eks,1520,363,11/29/11
EDLV,1520,603,07/16/12
katie,1510,342,08/15/14
katie,1510,439,08/25/14
katie,1500,348,08/07/14
agung,1500,375,11/25/11
OscarElias,1500,470,11/05/11
noah,1490,435,02/16/12
stn,1480,238,09/29/11
HSG,1480,347,12/12/14
HSG,1480,406,12/02/14
mike,1480,439,07/04/14
GinoCappelli,1480,379,02/16/14
Rosey,1480,316,10/10/12
CrazyWayne,1480,341,03/09/12
DSDX,1470,303,09/20/11
katie,1470,453,09/29/14
utopik,1470,356,07/19/13
Kakashi,1470,507,05/07/13
nik,1470,605,08/23/12
Fuckoff,1470,336,11/15/11
lettuce,1460,284,09/28/11
Envii,1460,395,05/28/14
utopik,1460,339,07/22/13
stephen,1460,395,02/14/13
Majid,1460,344,08/08/12
DusterBoy,1460,337,04/09/12
Simpli,1450,223,01/11/12
HSG,1450,292,12/12/14
katie,1450,447,08/06/14
Luthen,1450,487,07/05/14
Labi1999,1450,511,10/22/11
CrazyWayne,1440,270,03/28/12
HSG,1440,286,12/05/14
katie,1440,344,08/15/14
katie,1440,355,08/06/14
kikikik,1440,512,07/14/14
FuckOFF,1440,300,11/28/11
Hoff,1440,456,02/11/12
stn,1430,282,09/28/11
HSG,1430,306,12/15/14
Hoff,1430,449,02/11/12
Rosey,1420,233,10/09/12
HSG,1420,350,12/04/14
tony,1420,416,06/21/14
Tammy,1420,259,03/29/14
Kakashi,1420,456,05/10/13
MrHuy,1420,244,11/20/11
CrazyWayne,1420,293,03/09/12
Singleton,1420,339,11/06/11
tmigs,1410,248,06/21/14
jjj,1410,278,10/31/14
golom,1410,249,01/05/12
otto,1400,265,12/01/11
ggg,1400,384,07/21/14
Luthien,1400,562,07/08/14
Chris,1400,562,07/19/12
Kani,1400,365,10/19/11
Hoff,1400,415,02/11/12
katie,1390,298,08/07/14
HSG,1390,367,12/05/14
katie,1390,400,08/15/14
dravidian,1390,316,04/09/12
Luthien,1390,386,07/06/14
111,1390,846,10/15/11
OscarElias,1380,251,11/05/11
Anna,1380,361,01/10/13
JeeeMann,1380,308,11/01/11
DAMMIT,1370,255,02/17/12
HSG,1370,277,12/09/14
trhhsghghgfgh,1370,300,06/20/14
utopik,1370,452,07/19/13
Majid,1370,343,08/08/12
GrandJulivan,1370,276,04/09/12
eks,1370,312,11/30/11
lol,1370,334,02/07/12
katie,1360,299,08/15/14
katie,1360,321,11/13/14
nappy,1360,357,10/11/11
Ionmi,1360,370,09/28/11
lad,1360,458,09/24/11
ddd,1350,187,12/04/14
HSG,1350,258,12/15/14
Tammy,1350,219,03/29/14
Simpli,1350,247,04/30/12
utopik,1350,414,07/19/13
Jeppe,1350,475,11/30/12
OscarElias,1350,283,11/05/11
arcanis,1350,305,04/09/12
Arthur,1350,350,10/20/11
Nowami,1350,383,11/20/11
tmig,1340,235,06/19/14
lllllllll,1340,269,04/03/12
Majid,1340,369,08/14/12
Majid,1340,303,08/06/12
Eitheror,1340,273,10/21/11
noah,1340,329,02/06/12
MashMash,1330,240,10/29/11
HSG,1330,283,11/24/14
mike,1330,430,07/03/14
mike,1330,462,07/03/14
ijvdkjfd,1330,333,06/20/14
SSS,1330,444,05/09/14
PERO,1330,250,03/25/14
Lennybird,1330,349,11/19/12
eks,1330,360,11/29/11
FANCULOPD,1330,429,10/26/11
kmm,1320,204,12/10/14
noah,1320,263,02/21/12
HSG,1320,313,12/03/14
katie,1320,308,08/18/14
katie,1320,315,08/16/14
Meek,1320,315,10/23/11
HSG,1310,265,12/08/14
dggf,1310,324,06/20/14
meek,1310,400,09/28/11
noah,1300,220,02/21/12
HSG,1300,240,12/01/14
Anna,1300,401,01/08/13
Majid,1300,271,09/01/12
Broooo,1300,251,02/17/12
CrazyWayne,1300,251,03/28/12
hapliniste,1300,272,10/26/11
norman,1300,339,11/01/11
dkfkfk,1290,206,11/05/14
HSG,1290,295,11/18/14
noah,1290,247,01/31/12
dero,1290,260,09/08/14
katie,1290,315,08/07/14
HighScore,1290,313,04/01/14
Majid,1290,325,08/08/12
awe,1290,251,10/08/11
Ricky,1290,278,10/07/11
Majid,1280,221,08/14/12
HSG,1280,298,11/18/14
Rosey,1280,282,10/01/12
zzg,1280,245,12/11/11
noah,1280,275,02/01/12
DICKHEAD,1280,451,09/26/11
Fritz,1280,619,02/15/12
noah,1270,238,02/17/12
HSG,1270,257,12/11/14
katie,1270,284,08/15/14
Christopher,1270,387,07/16/12
Steveo,1270,282,07/08/12
beegee,1270,414,11/21/11
Jack,1270,484,10/18/11
ddd,1260,220,12/17/14
Amir,1260,252,04/14/12
Aryeom,1260,351,10/06/11
CrazyWayne,1250,190,03/09/12
HSG,1250,317,11/18/14
Kakashi,1250,357,05/14/13
Majid,1250,307,08/14/12
CrazyWayne,1250,239,03/14/12
derpy,1250,281,11/16/11
FuckMeArse,1250,284,11/01/11
ijjjlkl,1250,285,04/03/12
eks,1250,312,11/29/11
norman,1250,342,10/27/11
aaa,1250,353,02/12/12
Majid,1240,240,09/03/12
HSG,1240,253,12/10/14
HSG,1240,245,12/10/14
HSG,1240,311,12/08/14
zac,1240,275,07/07/14
Anna,1240,362,01/08/13
AyrtonProst,1240,247,04/11/12
Majid,1240,273,08/08/12
DaBossJMAN,1240,348,10/27/11
Simpli,1230,215,12/07/11
katie,1230,295,08/06/14
KOALA,1230,408,07/18/13
Kakashi,1230,275,05/15/13
Victor,1230,238,02/21/12
mar2,1230,296,12/14/11
ahmad,1230,362,02/14/12
Awe,1230,367,03/15/12
Simpli1,1220,192,04/30/12
utopik,1220,355,07/22/13
Majid,1220,269,08/08/12
Amir,1220,229,01/22/12
Thiago_Z,1220,271,10/18/11
lrhl,1220,294,11/16/11
fut,1220,298,09/29/11
Diego,1220,298,10/14/11
Simpli,1210,182,01/20/12
HSG,1210,291,12/01/14
HSG,1210,275,11/21/14
alexe,1210,241,06/08/14
Majid,1210,220,08/21/12
Majid,1210,197,08/21/12
Majid,1210,270,08/08/12
Majid,1210,237,08/08/12
Zach,1210,258,01/24/12
eks,1210,266,11/29/11
3333,1210,356,12/11/11
kaka,1210,393,01/23/12
Majid,1200,207,08/21/12
HSG,1200,238,11/18/14
Envi,1200,265,05/07/14
Noob,1200,310,02/27/14
Kakashi,1200,261,05/15/13
FuckUBitch,1200,226,11/21/11
trikkia,1200,279,10/11/11
MIkeMEKKs,1200,296,10/27/11
Hoff,1200,310,02/11/12
sam,1190,209,07/01/14
katie,1190,411,08/05/14
Mics,1190,231,12/15/11
RG3,1190,301,11/14/13
Majid,1190,243,08/08/12
eks,1190,254,11/29/11
Victor,1190,255,02/21/12
norman,1190,294,12/06/11
DougN,1190,299,10/25/11
Simpli,1180,229,03/06/12
HSG,1180,278,11/19/14
david,1180,310,06/04/14
Majid,1180,315,08/08/12
awe,1180,235,10/08/11
Kani,1180,245,10/19/11
Ricardo,1180,247,05/19/12
eks,1180,294,11/29/11
Slay,1180,359,11/25/11
Simpli,1170,174,04/30/12
HSG,1170,277,11/18/14
d4n,1170,350,07/29/14
jksfdhld,1170,291,06/20/14
Simi,1170,267,05/13/14
Majid,1170,266,08/08/12
Nick,1170,328,10/16/11
Fernando,1170,366,09/18/11
Hoff,1170,394,02/11/12
seh,1170,509,10/15/11
Victor,1160,180,02/24/12
Dee,1160,353,07/15/14
Majid,1160,259,08/08/12
HarryAnusP,1160,251,12/05/11
Ace,1160,293,09/28/11
Caleb,1160,320,09/18/11
hoagie,1160,405,04/19/12
rm_me,1160,421,10/06/11
asaa,1160,510,11/27/11
asdfasdf,1160,578,09/26/11
NachochE,1150,190,09/20/11
Luthien,1150,277,07/06/14
Majid,1150,202,09/10/12
MacDaddy,1150,204,10/31/11
Nader,1150,234,06/09/12
Orant,1150,261,01/27/12
ahmad,1150,292,01/27/12
jaalah,1150,375,03/30/12
noah,1140,186,02/14/12
HSG,1140,228,12/04/14
HSG,1140,245,11/19/14
Honk,1140,335,07/01/14
Envi,1140,258,05/09/14
Majid,1140,223,09/10/12
Majid,1140,224,08/08/12
stn,1140,207,09/28/11
kilerBabe,1140,209,01/17/12
NSC,1140,241,10/02/11
MuchoExito,1140,293,02/28/12
kevin,1140,381,01/10/12
awe,1130,218,10/08/11
qefqve,1130,278,12/18/14
HSG,1130,334,11/18/14
Manz,1130,251,08/07/13
utopik,1130,232,07/18/13
Majid,1130,245,08/06/12
Simpli,1130,246,01/11/12
dravidian,1130,278,04/09/12
fut,1130,350,09/30/11
Jenny,1130,522,09/27/11
jjj,1120,208,04/03/12
HSG,1120,249,11/29/14
HSG,1120,236,11/27/14
HSG,1120,266,11/20/14
haleybecrippin,1120,462,09/26/14
Luthien,1120,287,07/06/14
Amit,1120,324,06/07/14
oldspaceyeller,1120,435,01/31/13
kkkkkkkkkkkk,1120,257,04/03/12
DHe,1120,298,05/22/12
BAGAN,1110,188,12/17/14
ebai,1110,204,12/11/12
katie,1110,278,08/05/14
Kakashi,1110,288,04/26/13
kijk,1110,222,09/14/12
hika_giko,1110,237,12/15/11
eks,1110,241,11/29/11
noob,1100,176,08/22/14
Dan,1100,273,10/14/14
Simpli,1100,204,12/07/11
katie,1100,282,08/05/14
divine,1100,263,05/12/14
clojo,1100,429,11/13/11
Gila,1090,184,10/17/14
HSG,1090,264,12/01/14
noah,1090,188,02/08/12
gidz,1090,406,05/21/14
KOALA,1090,285,07/18/13
Cassie,1090,287,01/26/13
Majid,1090,254,08/08/12
Hoagie,1090,250,05/02/12
RodrigoCIN,1090,272,10/13/11
fut,1090,299,09/29/11
aaa,1090,305,10/21/11
Kevin,1090,329,09/19/11
Nfbsable,1080,210,06/27/12
HSG,1080,230,11/19/14
Hsg,1080,257,11/12/14
Zhekau,1080,339,07/02/14
vzado,1080,230,06/20/14
alexe,1080,263,06/15/14
lukasz,1080,277,04/03/14
TUV,1080,323,02/20/14
jmb,1080,237,12/07/12
BEE,1080,213,10/31/11
HelloAccp,1080,232,02/27/12
Szpadel,1080,268,12/01/11
Hoff,1080,275,02/11/12
AKM,1080,277,04/18/12
jjj,1080,397,02/11/12
Rachael,1070,192,03/22/12
HSG,1070,258,11/19/14
katie,1070,267,08/07/14
gidz,1070,329,05/11/14
shrek,1070,217,03/31/14
Rachael,1070,223,11/03/11
Amirk,1070,230,11/19/11
asd,1070,236,01/26/12
awe,1070,275,03/16/12
awe,1070,284,04/05/12
mike,1070,290,10/04/11
Ionmi,1070,309,09/27/11
chr,1070,348,03/11/12
norma,1070,450,10/10/11
Majid,1060,160,09/10/12
Simpli,1060,179,01/20/12
Majid,1060,248,08/08/12
uzi,1060,212,10/03/11
Myrka,1060,265,01/25/12
norman,1060,273,12/06/11
norman,1060,274,10/27/11
Blang32,1060,336,10/23/11
Xoraut,1060,357,10/09/11
Majid,1050,224,09/11/12
Leanne,1050,346,11/28/14
noob,1050,264,02/18/14
Eike,1050,255,03/21/12
aimee,1050,272,07/08/12
Majid,1040,164,08/08/12
fcsd,1040,220,06/20/14
Amit,1040,221,06/10/14
Envi,1040,297,05/09/14
sinyasin,1040,350,05/15/13
danielquean,1040,329,03/21/13
stephen,1040,280,02/14/13
bl3x,1040,376,10/09/12
Sudhish,1040,312,08/22/12
BFiend,1040,217,10/06/11
SnakeVina,1040,266,11/05/11
Hoff,1040,267,02/11/12
BOSSJMAN,1040,285,10/28/11
Antonio,1040,294,10/25/11
LEO,1040,371,01/24/12
klaytonmf,1040,384,10/12/11
alexe,1030,189,06/09/14
Gila,1030,278,10/18/14
katie,1030,239,08/07/14
zac,1030,222,07/07/14
sdsads,1030,195,11/25/11
divine,1030,211,05/20/14
stephen,1030,234,02/14/13
Cassie,1030,277,01/25/13
Majid,1030,209,08/20/12
jmoney,1030,282,07/07/12
Nfbsable,1030,247,06/27/12
aaa,1030,202,09/22/11
Masa,1030,224,10/05/11
QQQ,1030,227,02/15/12
babs,1030,228,02/14/12
Majid,1020,158,08/20/12
Hsg,1020,275,11/11/14
utopik,1020,276,07/18/13
Adam,1020,221,02/26/13
Majid,1020,183,09/01/12
FUckyuuo,1020,173,11/05/11
Majid,1020,240,08/08/12
bvjkl,1020,175,03/14/12
Elias,1020,191,11/05/11
aasdfklasdf,1020,218,05/24/12
aaa,1020,223,10/19/11
Hoff,1020,266,02/11/12
TiGeR,1020,268,10/20/11
j12,1020,272,03/30/12
Woiti,1020,319,02/23/12
Meek,1020,334,10/21/11
Labi,1020,469,10/19/11
Simpli,1010,147,12/06/11
david,1010,229,06/04/14
stephen,1010,254,02/14/13
Mortiroch,1010,366,12/29/12
Majid,1010,217,08/08/12
adri,1010,180,11/06/11
awe,1010,292,03/17/12
Diogo,1010,303,11/27/11
aaa,1010,330,10/07/11
bl3x,1010,402,03/17/12
Majid,1000,140,08/21/12
HSG,1000,198,11/24/14
name,1000,231,11/09/14
noo,1000,304,06/21/14
ringhunter,1000,151,10/22/11
Rachael,1000,190,10/29/11
Rick,1000,211,03/31/12
Moocow,1000,246,10/27/11
justin,1000,266,11/27/11
Mishari,1000,318,09/23/11
aotagari,1000,383,10/30/11
Diogo,1000,394,11/27/11
aaa,1000,420,10/06/11
jjj,990,155,10/30/14
CrazyWayne,990,160,03/09/12
kiskale,990,238,09/22/14
jtizzle,990,409,09/10/14
fsfdsdfs,990,229,06/20/14
ToxeD,990,263,01/24/14
Majid,990,165,09/01/12
CrazyWayne,990,167,03/28/12
Oscar,990,169,11/05/11
noah,990,220,01/30/12
diegao,990,226,10/06/11
awe,990,252,03/17/12
Muchoexito,990,257,02/27/12
hoff,990,272,02/11/12
Hoff,990,296,02/11/12
stn,980,164,09/28/11
ElBobino,980,272,09/19/14
Amit,980,249,06/08/14
RG3,980,270,11/14/13
bl3x,980,391,12/06/12
Edgar,980,429,07/16/12
aimee,980,238,07/08/12
ap8,980,171,12/08/11
amir,980,183,11/26/11
Jesse,980,189,11/03/11
sounghwa,980,235,10/03/11
fuck,980,275,04/03/12
adxs,980,302,01/22/12
Majid,970,171,09/01/12
aejmo,970,336,10/17/14
katie,970,247,08/05/14
Amit,970,496,06/07/14
archiebald,970,211,01/29/14
BRETTEW,970,178,06/04/13
Majid,970,177,08/20/12
Majid,970,178,08/21/12
taht,970,183,12/07/11
Majid,970,212,08/08/12
Majid,970,261,08/06/12
Oscar,970,187,10/24/11
hangy,970,203,05/05/12
uzi,970,206,10/03/11
Hoagie,970,217,05/02/12
nappy,970,226,10/11/11
RuNAwAy,970,236,10/14/11
lala,970,268,10/10/11
ahmad,970,317,01/25/12
hennrik,970,366,12/08/11
Bob,960,149,08/23/14
rmc,960,296,11/20/14
Anne,960,215,09/12/14
BoskiKid,960,177,10/13/11
katie,960,208,08/07/14
Majid,960,255,08/08/12
Rachael,960,177,11/05/11
NaderElshehabi,960,207,06/09/12
mick,960,210,11/06/11
GaryChan,960,213,01/25/12
svk,960,239,12/29/11
hoppel,960,276,01/19/12
Hoff,960,295,02/11/12
Field,960,339,01/21/12
sexman,960,345,12/01/11
ttt,960,369,02/15/12
BrendanSux,950,181,10/31/14
jgl,950,198,10/15/11
David,950,293,09/15/14
CRIPNIGGA,950,383,08/30/14
KOALA,950,250,07/19/13
Anna,950,243,01/08/13
SVen,950,430,10/30/12
Majid,950,236,08/08/12
Majid,950,219,08/08/12
bl3x,950,322,07/20/12
Chris,950,206,02/05/12
Hoagie,950,206,05/02/12
Ghost,950,252,02/18/12
norman,950,254,10/28/11
trololo,950,257,12/01/11
matthew4295,950,262,04/09/12
DAMMIT,950,269,01/31/12
Woiti,950,271,03/06/12
aaa,950,362,01/13/12
spiral,950,384,10/05/11
lkp,950,533,11/03/11
alexe,940,183,08/11/14
Majid,940,185,09/03/12
Grox18,940,294,05/23/14
Phenioxx,940,224,02/07/14
bl3x,940,286,11/10/12
Darshan,940,197,09/27/11
wieschie,940,277,07/06/12
KingBacas,940,201,02/02/12
thrt,940,236,01/21/12
aaa,940,276,10/14/11
RemiTheKid,940,305,01/05/12
Hoff,940,309,02/11/12
Hoff,940,319,02/11/12
ahmad,940,326,01/25/12
liu,940,360,01/13/12
norla,940,429,09/24/11
Simpli,930,137,01/11/12
Swag,930,254,09/02/14
Kakashi,930,166,04/26/13
yog,930,254,04/04/13
kKellyLovell,930,286,10/10/12
Party,930,371,08/11/12
Ana,930,193,07/01/12
mkoop,930,141,12/07/11
Rachael,930,164,10/29/11
holas,930,218,09/30/11
hitler,930,234,10/15/11
OscarElias,930,237,10/24/11
cramirez14,930,256,02/29/12
Saternius,930,268,12/04/11
Coucou,930,274,10/20/11
Samarth,930,376,01/23/12
Majid,920,158,08/20/12
Beeda,920,177,05/23/13
rachael,920,170,11/05/11
gff,920,302,07/27/12
luke,920,247,07/23/12
shuhuu,920,192,10/19/11
Oleg,920,200,10/12/11
Woit,920,205,01/11/12
MC3,920,221,02/10/12
Woiti,920,239,02/16/12
Kenneth,920,247,11/18/11
ur5,920,248,01/21/12
seh,920,250,10/15/11
Hoff,920,259,02/11/12
jules,920,260,01/20/12
chr,920,266,03/11/12
Nicolas,920,272,12/03/11
cramirez14,920,290,02/28/12
123,920,296,03/30/12
Balls,920,302,01/27/12
Fritz,920,307,02/16/12
fff,920,322,11/25/11
kristine,920,373,09/18/11
jos,920,382,02/09/12
Caccone,910,130,10/15/11
snehalatha,910,305,11/27/14
CRIPPPPP,910,300,08/31/14
Amit,910,196,06/26/14
Jhean,910,231,05/03/13
ethan,910,276,04/10/13
Anna,910,218,01/08/13
Mortiroch,910,242,12/30/12
Noah,910,177,12/01/12
Majid,910,155,08/08/12
Simpli,910,150,01/11/12
noah,910,180,01/27/12
kkk,910,183,01/21/12
noah,910,187,01/31/12
blaaa,910,200,10/20/11
danielw,910,202,11/05/11
furukq,910,229,01/21/12
CGB,910,234,01/21/12
Diego,910,254,10/22/11
chr,910,288,03/11/12
tierra,910,291,01/21/12
Awe,910,317,03/14/12
Majid,900,141,08/20/12
colinc,900,290,06/11/14
utopik,900,160,07/19/13
yimz,900,176,01/15/13
sdfg,900,165,04/09/12
Majid,900,170,08/20/12
kat,900,247,06/16/12
Woiti,900,167,02/23/12
cramirez14,900,193,02/28/12
Nihil,900,225,11/29/11
Ionmi,900,229,09/28/11
Chris,900,232,10/21/11
Kevin,900,239,09/18/11
bupudus,900,248,01/07/12
Jenny,900,300,09/27/11
seh,900,332,10/15/11
Kieran,900,878,03/31/12
Majid,890,179,08/20/12
Maxi,890,209,10/12/14
karo,890,224,09/18/14
Sweg,890,255,08/29/14
katie,890,203,08/05/14
Zhekau,890,329,07/02/14
Honk,890,263,05/09/14
Mon,890,266,03/25/14
Kakashi,890,247,05/08/13
Josefine,890,275,11/30/12
ijof9,890,202,10/23/12
Majid,890,181,08/08/12
TRIEU,890,203,09/22/11
evilman11,890,351,11/12/11
perduto,890,377,10/12/11
Majid,880,156,08/20/12
bad,880,197,11/17/14
mateusz,880,269,06/20/14
Davud,880,235,05/23/14
lol,880,234,05/01/14
MinMin,880,500,05/21/13
Omar,880,214,02/08/13
Kodl,880,207,10/25/12
bby,880,231,09/07/12
Iniest,880,160,11/05/11
Majid,880,167,08/14/12
Awe,880,178,03/15/12
jkk,880,194,04/15/12
MaxMoro,880,208,10/31/11
123,880,212,03/31/12
aaa,880,217,10/18/11
ASS,880,220,01/21/12
Awe,880,221,03/17/12
sdc,880,230,01/21/12
matthew4295,880,238,04/09/12
1222,880,262,12/11/11
harulez,880,297,12/08/11
arcanis,880,299,04/09/12
asaa,880,373,11/27/11
Snakegod,870,161,10/02/11
Cooper,870,217,11/17/14
Josh,870,235,11/03/14
criipin36,870,260,08/30/14
Chablis,870,302,05/04/14
Joel,870,190,05/14/13
ihgzudzui,870,180,04/15/13
Cassie,870,308,01/25/13
Majid,870,5242,09/11/12
Majid,870,184,08/14/12
Majid,870,170,08/08/12
Shawn,870,172,10/29/11
fuck,870,177,10/26/11
Arwcw,870,219,02/15/12
54684,870,222,01/21/12
jetv435,870,235,10/06/11
Kevin,870,270,09/18/11
will,870,286,10/06/11
aaa,870,287,10/13/11
diepnh,870,343,05/27/12
Majid,860,139,09/03/12
stephen,860,195,02/14/13
phill,860,150,01/11/12
Raffi,860,203,09/18/11
ahmad,860,215,01/26/12
aaa,860,226,10/18/11
Rachael,860,226,10/28/11
JohnPorno,860,238,04/20/12
IT_man,860,242,04/09/12
ato,860,244,10/09/11
peet,860,435,01/09/12
Majid,850,140,08/14/12
Redfox13cts,850,204,12/21/14
tod,850,232,11/06/14
Fernando,850,192,10/12/14
Nick,850,193,09/28/14
bex280,850,177,08/27/14
Alexander,850,153,08/17/14
Cassie,850,308,01/25/13
john,850,204,01/16/13
jbrown,850,188,11/29/12
Majid,850,191,09/11/12
homo,850,145,09/28/11
Majid,850,185,08/14/12
Majid,850,170,08/08/12
SabrinaF,850,268,06/21/12
SabrinaF,850,283,06/21/12
Meek,850,174,10/23/11
zacc,850,213,10/17/11
Matthias,850,231,10/06/11
George,850,241,10/13/11
hgg,850,249,01/25/12
ldm,850,260,01/22/12
gghhgh,850,279,01/23/12
scott,850,282,10/15/11
5zrw3,850,307,01/19/12
seh,850,315,10/15/11
tks,850,392,03/04/12
Simpli,840,119,04/30/12
dgthdgtfj,840,263,12/16/14
moi,840,225,12/03/14
CRIP,840,269,08/30/14
bex280,840,184,08/27/14
katie,840,226,08/06/14
tmgi,840,178,06/19/14
david,840,185,06/03/14
ghn,840,267,05/13/14
asdasd,840,187,04/06/14
Phenioxx,840,197,02/07/14
Anna,840,214,01/08/13
jmoney1,840,218,08/27/12
Majid,840,154,08/14/12
Majid,840,194,08/14/12
Majid,840,243,08/06/12
SabrinaF,840,250,06/20/12
THEJI,840,149,09/20/11
Magus,840,197,09/26/11
poz,840,199,01/14/12
Hoff,840,219,02/11/12
james,840,222,04/02/12
Ant,840,226,11/01/11
Marcus,840,235,10/12/11
jjb,840,250,09/23/11
tangaoyang,840,270,10/12/11
Hoff,840,346,02/11/12
wwww,840,394,09/27/11
Fritz,840,683,02/16/12
Jhean,830,147,05/03/13
Gila,830,161,10/21/14
Joshua,830,342,10/03/14
jojojoj,830,290,03/17/14
Majid,830,163,08/14/12
CodyAltmiller,830,283,02/11/13
killaH,830,179,12/31/12
Claudi,830,173,06/25/12
ggg,830,179,10/03/11
FuCKMEJMAn,830,184,10/31/11
Maxi,830,193,10/15/11
SHOUSEEE,830,197,10/14/11
AKm,830,203,04/18/12
olmkl,830,206,01/26/12
Hawkeye,830,228,10/16/11
ahmad,830,234,01/26/12
Jenny,830,240,09/27/11
dudert123,830,249,09/28/11
cjd,830,257,10/02/11
horseforce,830,276,12/07/11
boss,830,306,12/06/11
ericthered,830,319,10/14/11
funnyBoyDog,820,129,04/22/12
CHAMPIONliakot,820,159,09/23/14
Bob,820,129,08/22/14
Toby,820,241,06/29/14
wegt,820,184,04/25/14
metalpietie,820,149,02/19/14
CLa,820,215,03/27/13
penis,820,237,02/08/13
Cassie,820,241,01/25/13
Rosey,820,170,09/27/12
Majid,820,132,08/14/12
ked,820,143,08/08/12
Majid,820,149,08/08/12
paulo,820,241,07/27/12
CrazyWayne,820,136,03/09/12
blah,820,140,02/01/12
jjj,820,140,04/03/12
palko,820,143,09/29/11
CrazyWayne,820,159,03/13/12
matt,820,171,10/17/11
sdfgsdf,820,172,05/21/12
CrazyWayne,820,176,03/06/12
kky,820,178,12/12/11
JSJ,820,181,04/07/12
awe,820,208,04/04/12
awe,820,211,03/17/12
Doug,820,217,01/18/12
ocy,820,246,10/07/11
eros,820,295,01/15/12
2121,810,146,09/25/11
rattail,810,192,11/18/14
Hsg,810,213,11/11/14
KuroNeko,810,235,09/24/14
KuroNeko,810,229,09/21/14
SoNikeKiller,810,178,06/21/14
Amit,810,173,06/07/14
Jhean,810,219,05/03/13
Majid,810,147,08/14/12
Majid,810,190,08/06/12
aimee,810,184,07/08/12
CrazyWayne,810,150,03/08/12
kukuruz,810,163,10/29/11
wilsonwan,810,163,01/07/12
aggelos,810,184,03/09/12
THEJMAN,810,192,10/27/11
DaJMAN,810,198,10/27/11
Vinzenz,810,204,05/16/12
Woiti,810,223,01/20/12
aggelos,810,224,03/09/12
hitler,810,247,10/15/11
Majid,800,128,08/21/12
oKBB,800,132,11/19/14
Kailee,800,231,10/16/14
Christian,800,289,09/05/14
lfcred90,800,276,06/18/14
Amit,800,210,06/07/14
Amit,800,251,06/07/14
aze,800,204,05/06/14
3et,800,133,04/25/14
Mon,800,300,03/25/14
Evtn,800,222,02/27/13
Majid,800,170,09/01/12
stn,800,140,09/24/11
Majid,800,156,08/08/12
teho,800,195,07/11/12
jmoney,800,284,06/29/12
noah,800,169,01/27/12
tris,800,171,09/18/11
TRIEU,800,183,09/22/11
Lichtspiel,800,194,10/19/11
nappy,800,195,10/11/11
fut,800,227,09/29/11
Lilit,800,343,10/28/11
Majid,790,138,08/21/12
Gila,790,194,10/17/14
Ferny,790,214,10/12/14
noig,790,167,10/09/14
CRIPPPswag,790,235,08/30/14
crip,790,206,08/30/14
Zhekau,790,280,07/02/14
ZZZ,790,185,05/25/14
jkljkl,790,279,07/29/13
67i6r7i,790,152,06/04/13
bob,790,164,04/29/13
vag,790,215,03/11/13
Anna,790,195,01/08/13
Majid,790,163,08/08/12
Kelly,790,170,02/12/12
noodles,790,217,06/27/12
BenR,790,179,10/05/11
noah,790,180,01/27/12
Hoff,790,184,02/11/12
Johnnywsd,790,186,09/22/11
Awe,790,189,03/17/12
fut,790,220,09/28/11
Andy,790,231,10/13/11
arash,790,238,02/08/12
waheed,790,310,11/01/11
dstlinh,790,359,10/27/11
nicola,790,382,10/07/11
CrazyWayne,780,125,03/08/12
Gila,780,147,10/18/14
Gila,780,137,10/17/14
dicksuck,780,293,08/30/14
ddd,780,134,05/19/14
FuckYou,780,145,03/06/13
Sam,780,163,02/02/13
Majid,780,128,08/20/12
Salustiano,780,133,10/09/11
anmar,780,142,10/12/11
Killer,780,156,09/28/11
Arthur,780,167,10/19/11
12333,780,171,01/21/12
Hoff,780,185,02/11/12
Keiran,780,201,04/01/12
chris,780,209,02/27/12
norman,780,212,10/27/11
kaka,780,221,01/23/12
EricG,780,245,11/06/11
Awe,780,249,03/17/12
CrazyWayne,770,120,03/08/12
mgb,770,178,11/18/14
spencer,770,268,11/06/14
jacob,770,207,11/04/14
nio,770,154,10/13/14
kp_king,770,293,09/08/14
Tobias,770,204,09/02/14
Envi,770,184,05/07/14
WQR,770,145,04/25/14
Spencer,770,180,04/29/13
Kakashi,770,160,04/23/13
MrHuy,770,123,11/20/11
CrazyWayne,770,137,03/08/12
Oscar,770,151,11/05/11
victor,770,174,11/22/11
mcZack,770,186,01/29/12
Leo,770,187,10/05/11
saknl,770,192,03/24/12
Dennis,770,199,09/29/11
alx,770,207,12/03/11
bored,770,253,01/27/12
Duncan,770,552,02/17/12
Majid,760,106,09/10/12
kim,760,141,12/01/14
Mark,760,206,11/27/14
Josh,760,246,10/31/14
Chris,760,192,06/20/14
Sam,760,231,05/19/14
frtgh,760,209,04/20/14
poop2,760,222,01/27/14
koa,760,238,07/18/13
kacoro,760,167,02/23/13
Josefine,760,322,11/30/12
nick,760,175,09/17/12
theo,760,136,07/11/12
Majid,760,142,08/06/12
ari,760,175,07/22/12
henriquetb,760,148,10/05/11
JMONEY,760,223,06/30/12
ultimatemj,760,153,11/24/11
dak,760,158,09/25/11
lol,760,161,10/15/11
sdsad,760,161,11/25/11
Olli,760,192,10/18/11
Leo,760,194,10/05/11
sss,760,196,10/13/11
Carb0n1c,760,206,11/10/11
Bibby,760,207,11/14/11
Cook,760,207,05/08/12
Brandon,760,208,04/01/12
seh,760,209,10/15/11
dom1NO,760,219,01/05/12
fuck1you,760,1056,12/06/11
popcorn,750,133,03/23/13
Spencer,750,202,11/06/14
kjkj,750,447,10/11/14
kiskale,750,243,09/22/14
sarsar,750,413,06/24/14
Amit,750,168,06/07/14
Honk,750,228,05/21/14
NoAh,750,261,03/24/14
meek,750,138,10/23/11
Ehsan,750,224,10/26/12
Majid,750,141,08/08/12
bl3x,750,273,07/20/12
Prish,750,235,07/18/12
garfalk,750,143,10/05/11
david,750,146,10/18/11
Pedder,750,154,09/30/11
Arthur,750,160,11/08/11
asdfasfd,750,165,10/09/11
Darshan,750,183,11/02/11
grafgustav,750,191,10/08/11
poo,750,200,11/15/11
TOM,750,200,11/17/11
Diana,750,210,10/07/11
scott,750,213,10/15/11
Hoagie,750,216,05/18/12
Simy,750,232,12/08/11
rlp,750,236,10/18/11
Leo,750,244,01/21/12
Awe,750,247,03/14/12
Damnererer,740,117,05/06/12
Stoen,740,162,11/19/14
Coopet,740,227,11/17/14
KuroNeko,740,186,11/16/14
Gila,740,131,11/07/14
TulleMJ,740,201,09/26/14
Sam,740,239,09/17/14
Honk,740,180,05/19/14
divine,740,195,05/13/14
ass,740,267,04/01/14
penis,740,173,03/30/14
KOALA,740,159,07/18/13
KOA,740,188,07/18/13
Jhean,740,185,05/03/13
Kakashi,740,200,04/23/13
Shashank,740,198,11/14/12
ked,740,199,08/08/12
alex,740,245,07/10/12
asdfasf,740,137,09/26/11
awe,740,137,10/08/11
Matthias,740,156,10/21/11
awe,740,157,04/04/12
lllllll,740,159,04/03/12
bob,740,165,11/15/11
cramirez14,740,221,02/28/12
seh,740,243,10/15/11
Roman,740,298,10/14/11
uww,740,384,09/23/11
xxlvnn,740,423,10/15/11
foo,730,142,10/10/11
Redfox13cts,730,191,12/21/14
ooo,730,154,07/07/14
alexe,730,152,06/13/14
ghj,730,205,04/19/14
Stephanie,730,193,03/24/14
KOALA,730,288,07/18/13
Roley,730,142,08/31/12
Majid,730,150,08/14/12
oka,730,170,07/18/12
Will,730,143,09/25/11
RYANNNNB,730,160,11/18/11
david,730,177,10/10/11
tuco,730,181,09/28/11
tyy,730,181,01/09/12
ADOHITLER,730,188,10/05/11
adri,730,209,01/18/12
ldm,730,213,01/21/12
awesome,730,221,11/05/11
seh,730,222,10/15/11
norman,730,222,10/31/11
Hoff,730,243,02/11/12
mishi,730,247,01/21/12
sabi,730,310,01/23/12
Majid,720,123,08/14/12
robin,720,275,12/17/14
connor,720,228,12/13/14
shania,720,423,11/02/14
wildffawn,720,185,08/10/14
ghj,720,151,04/20/14
jkmdd,720,209,04/15/14
RG3,720,233,11/14/13
13910764457,720,204,11/06/13
KOA,720,163,07/18/13
jackmehoff,720,257,05/31/13
fkic,720,218,05/20/13
LilPaki,720,223,05/17/13
Kakashi,720,205,04/18/13
samanthacook,720,183,12/17/12
nothing,720,388,11/24/12
Yyy,720,144,08/26/12
SomethingNew,720,128,04/10/12
Majid,720,153,08/14/12
Majid,720,146,08/08/12
Majid,720,159,08/08/12
jmoney,720,177,07/01/12
SabrinaF,720,232,06/20/12
Rachael,720,130,10/29/11
uuu,720,132,11/20/11
MasoObs,720,137,02/16/12
Nader,720,144,06/09/12
12564131,720,153,01/21/12
meek,720,158,09/28/11
Naveed,720,158,10/29/11
asdf,720,158,02/02/12
ytdgffd,720,159,11/13/11
Hoff,720,166,02/11/12
jjj,720,185,11/10/11
lappone,720,188,11/16/11
Jack,720,191,01/21/12
Abbb,720,197,12/05/11
billy,720,199,12/09/11
Sunaadh,720,201,04/27/12
asa,720,232,12/01/11
triplea,720,234,04/18/12
gon,720,263,03/17/12
scott,720,303,10/14/11
tetje,720,309,01/18/12
ammu,720,405,09/22/11
Gila,710,92,10/19/14
Yoni,710,205,12/01/14
jac,710,247,11/04/14
Futtrup,710,205,10/30/14
Djibril,710,270,10/24/14
Majid,710,114,08/20/12
crip,710,245,08/30/14
ThatNigga,710,301,07/15/14
darn,710,192,06/21/14
penis,710,288,05/12/14
jess_p,710,199,04/27/14
RG3,710,202,11/14/13
Kakashi,710,141,04/23/13
danielquean,710,268,03/20/13
yimz,710,136,01/15/13
Josefine,710,218,11/30/12
Kodl,710,193,10/25/12
stn,710,118,09/24/11
Majid,710,161,08/14/12
Nfbsable,710,182,06/27/12
Sabrina,710,223,06/20/12
Napoleon,710,119,10/16/11
nsc,710,134,10/02/11
nsc,710,137,10/02/11
Day,710,173,11/28/11
DTM,710,173,01/12/12
jho,710,182,02/01/12
bob,710,189,11/15/11
shuhuu,710,203,10/19/11
Darshan,710,203,11/02/11
yat,710,222,10/03/11
matthew4295,710,224,04/09/12
Hoff,710,231,02/11/12
clojo,710,240,11/13/11
dan,710,248,03/02/12
tapan,710,279,01/11/12
Asmus,710,372,09/23/11
888,700,125,11/11/11
Redfox13cts,700,210,12/07/14
gvb,700,177,07/07/14
55254364,700,186,07/02/14
Amit,700,181,06/07/14
123,700,455,04/20/14
klfgh,700,176,04/15/14
115,700,204,04/03/14
Poo,700,185,03/19/13
tryf,700,176,03/14/13
Cassie,700,241,01/25/13
Anna,700,187,01/08/13
Joe,700,207,12/11/12
ked,700,159,08/08/12
aimee,700,160,07/08/12
bla,700,134,10/20/11
aaa,700,135,09/24/11
Michael,700,136,12/02/11
jules,700,146,01/20/12
TiagoMR,700,149,11/23/11
trkkia,700,159,10/11/11
FUQ,700,164,11/22/11
RemiTheKid,700,178,10/23/11
Minimuffin,700,196,09/23/11
dirty,700,209,09/04/11
david,700,212,09/24/11
kaka,700,227,01/25/12
pyroharo,700,239,12/05/11
aaa,700,274,10/07/11
ihaygal,700,277,02/21/12
tam,700,291,01/28/12
Chad,700,338,11/21/11
yuwen,700,364,01/21/12
fut,690,110,09/28/11
Adam,690,156,09/05/14
CRIPEK,690,280,08/30/14
Jenna,690,208,05/13/14
Chablis,690,314,05/04/14
R3E3,690,207,04/25/14
lukajenaj,690,232,03/25/14
Someone,690,145,03/24/14
adf,690,127,01/29/14
Beeda69,690,145,05/23/13
george,690,243,04/18/13
drizz,690,240,10/04/12
raozhihua,690,209,09/08/12
red_led,690,167,09/06/12
SabrinaF,690,221,06/21/12
Nyu,690,116,10/20/11
kaka,690,154,01/25/12
victor,690,166,10/08/11
Raffi,690,177,09/18/11
Kronos,690,185,10/17/11
23553,690,189,01/08/12
454,690,200,11/21/11
qhy,690,211,01/21/12
andy,690,225,10/13/11
123,690,230,03/30/12
fac3,690,240,10/20/11
Petr,690,242,01/30/12
Gila,680,96,10/18/14
knh,680,113,10/30/14
Majid,680,106,09/03/12
zLicks,680,206,09/19/14
Bob,680,151,08/22/14
agb,680,179,07/24/14
larry,680,215,05/11/14
gmac,680,228,04/25/14
indahosue,680,243,02/06/14
Leo47,680,852,03/19/13
Desi,680,311,12/21/12
Rosey,680,168,09/28/12
asd,680,114,11/26/11
Wieschie,680,175,07/06/12
gaak,680,127,12/02/11
matianchi,680,147,09/24/11
winoc,680,154,09/27/11
Dan,680,177,09/30/11
DougN,680,180,10/25/11
Mr068,680,191,06/06/12
Searth,680,195,01/05/12
troy,680,197,11/17/11
DeadBeef,680,211,10/06/11
norman,680,214,10/27/11
asaa,680,228,11/27/11
Trippled,680,233,12/03/11
kalle,680,237,04/08/12
aaa,680,263,10/05/11
lame,680,270,10/25/11
Duncan,680,480,02/17/12
FuckYou2,670,104,03/06/13
satch700,670,232,11/26/14
dilkleburg,670,140,11/18/14
Amit,670,203,06/07/14
3333,670,198,11/14/13
dillon,670,181,04/29/13
Kakashi,670,112,04/23/13
Killer,670,110,12/17/11
Majid,670,121,08/20/12
Majid,670,122,08/08/12
CrazyWayne,670,129,03/08/12
1123,670,138,01/31/12
meek,670,143,09/28/11
Darshan,670,169,09/26/11
trikkia,670,175,10/11/11
Eventargs,670,187,11/18/11
hhh,670,190,09/27/11
mos,670,200,10/18/11
sds,670,243,02/22/12
aaaa,670,244,01/22/12
asdf,670,261,10/31/11
xrx,670,351,10/15/11
Joe,660,120,11/20/11
okay,660,179,12/18/14
Mark,660,185,11/23/14
Hsg,660,140,11/12/14
Tim,660,359,08/17/14
Shagg,660,209,07/18/14
yvo,660,151,07/09/14
Rachel,660,192,06/01/14
lucas,660,159,05/24/14
Honk,660,181,05/07/14
succhia,660,163,04/24/13
Ryan39baseball,660,300,04/19/13
jake,660,235,04/16/13
spkr,660,211,04/04/13
samantha,660,222,12/17/12
Joe,660,233,12/11/12
brunelli,660,342,09/24/12
tetje,660,153,08/16/12
bl3x,660,215,07/04/12
Nfbsable,660,157,06/27/12
Bobby,660,141,11/07/11
daniel,660,148,10/23/11
pack,660,168,01/13/12
Alex,660,172,10/23/11
ruc,660,174,05/19/12
Frayserboy,660,227,10/19/11
TIN,660,237,01/21/12
div,660,312,11/19/11
MACbitch,650,94,10/31/11
redfox13cts,650,201,12/07/14
Gila,650,113,10/18/14
Adam,650,164,09/05/14
criipin,650,190,08/30/14
Amit,650,184,06/07/14
Sam,650,165,05/15/14
Envi,650,185,05/07/14
SDG,650,143,04/25/14
Mon,650,219,03/25/14
nrf,650,181,07/26/13
Cassie,650,200,01/25/13
Anna,650,255,01/08/13
aimee,650,174,07/08/12
QQQ,650,103,02/15/12
meek,650,122,10/21/11
uzi,650,123,10/03/11
test,650,133,09/30/11
sex,650,135,11/01/11
SurrealM,650,137,10/14/11
green,650,140,10/28/11
brt,650,143,11/01/11
RuNAwAy,650,144,10/14/11
asdf,650,150,02/02/12
Jakob,650,171,11/26/11
BooFoo,650,172,12/04/11
Eyal,650,191,10/10/11
Kevin,650,201,10/19/11
ekoleda,650,211,09/24/11
mathis,650,214,10/18/11
tetje,650,215,01/17/12
clojo,650,239,11/13/11
ridiculous,650,253,11/15/11
fgswrsge,650,261,01/13/12
brains,650,266,10/02/11
azu,650,308,01/09/12
nicola,650,315,10/07/11
Majid,640,82,09/10/12
Hsg,640,138,11/11/14
CRIPPP,640,160,08/30/14
crip,640,202,08/30/14
Alexander,640,115,08/29/14
Dom,640,184,07/11/14
Amit,640,158,06/07/14
jac,640,165,05/12/14
Honk,640,138,05/07/14
HihihihiMav,640,241,05/07/14
Honk,640,176,05/07/14
DDDD,640,180,11/14/13
stn,640,102,09/24/11
jmoney,640,140,06/30/12
jmoney,640,241,06/29/12
gad,640,357,06/21/12
SabrinaF,640,157,06/20/12
fff,640,130,02/11/12
alex,640,138,10/11/11
aimmy,640,138,04/09/12
hangy,640,141,10/08/11
chris,640,141,02/28/12
pdh,640,142,09/30/11
sHousee,640,142,10/14/11
robbiedmr,640,143,10/13/11
lol,640,146,09/22/11
Haggy,640,146,10/02/11
QiaoTan,640,156,01/21/12
Riscii,640,160,11/13/11
tetedecul,640,180,09/26/11
Hagrid,640,185,01/02/12
lokesh,640,191,03/09/12
michael,640,195,11/23/11
ldm,640,231,01/21/12
1qwe,640,250,01/28/12
Majid,630,107,08/21/12
redfox13cts,630,181,12/07/14
kevin,630,304,10/12/14
mvk,630,148,10/05/14
kierra,630,219,08/12/14
MolarMass,630,175,07/27/14
kiki,630,191,07/24/14
SoNikeKiller,630,197,06/21/14
alexe,630,119,06/09/14
dee,630,138,05/19/14
dfgh,630,112,04/17/14
test,630,257,06/16/13
NOPE,630,177,04/29/13
Kakashi,630,142,04/18/13
tin,630,148,01/23/13
sounghwa,630,119,10/03/11
Majid,630,121,08/14/12
Dante,630,151,06/22/12
SabrinaF,630,172,06/21/12
dgfd,630,128,10/02/11
awe,630,134,10/08/11
MTL,630,139,10/06/11
miki,630,139,11/17/11
Caracas,630,143,09/25/11
Nigger,630,152,09/23/11
NPeete,630,153,10/08/11
Bortseb,630,160,04/10/12
koko,630,163,01/23/12
qhy,630,172,01/21/12
Mieu,630,178,01/16/12
teddyk,630,181,10/06/11
tav,630,184,12/05/11
Paul,630,187,11/11/11
kakA,630,193,01/25/12
azu,630,198,01/09/12
Jujiayai,630,206,10/03/11
Simpli,620,105,03/06/12
Cooper,620,146,11/17/14
ollie,620,183,11/13/14
Bob,620,163,11/10/14
Jazzlynn,620,216,10/28/14
Sweg,620,165,08/26/14
Winston,620,153,07/30/14
Zhekau,620,206,07/02/14
Honk,620,139,05/07/14
matze,620,180,04/02/14
parthiv,620,318,07/13/13
drr,620,217,04/19/13
ali,620,166,04/06/13
kacoro,620,182,02/23/13
Cassie,620,197,01/25/13
fsdf,620,126,01/07/13
Lennybird,620,122,11/19/12
uxatron,620,167,07/24/12
elor,620,114,10/15/11
ldm,620,171,01/22/12
0868,620,176,11/08/11
fail,620,202,01/11/12
Adxs,620,203,01/28/12
VICTORSUX,620,208,01/19/12
seteh,620,236,04/08/12
suhuu,620,289,10/19/11
donaldKid,610,107,10/08/11
Ethan,610,180,07/10/14
mAx,610,266,05/31/14
naomi,610,239,05/11/14
gfj,610,140,03/25/14
Aidan,610,149,03/14/14
Josh_D,610,222,03/20/13
Yyy,610,182,08/26/12
Majid,610,141,08/20/12
Majid,610,131,08/08/12
CanCer,610,111,09/23/11
sounghwa,610,116,10/03/11
James,610,118,10/10/11
Nuitari,610,124,10/20/11
luis,610,131,10/04/11
aggelos,610,132,03/09/12
Naveed,610,140,10/29/11
asd,610,143,09/29/11
aaa,610,154,10/05/11
horseforce,610,183,10/31/11
Jad,610,196,09/26/11
kojima,610,638,05/14/12
TheEndOfTime,600,106,04/19/12
BAGAN,600,109,12/03/14
Ebola,600,164,11/06/14
hay,600,175,10/03/14
Josh,600,259,09/25/14
Nigger,600,168,05/23/14
dee,600,113,05/19/14
Wonka,600,152,02/06/14
nawpar,600,205,03/21/13
aaaqa,600,148,01/11/13
Anna,600,175,01/08/13
Majid,600,231,08/14/12
darrell,600,190,07/22/12
king,600,149,07/10/12
krabex,600,180,07/09/12
jmoney,600,129,07/03/12
JMONEY,600,149,06/30/12
ass,600,122,05/02/12
grand,600,125,04/09/12
Woiti,600,137,02/23/12
allan,600,141,10/30/11
Caleb,600,149,09/18/11
awe,600,149,03/16/12
asdf,600,151,02/02/12
Nemo,600,160,11/07/11
kkm,600,178,11/01/11
wang,600,186,04/08/12
Dino,600,197,09/25/11
JLP,600,198,10/08/11
troy,600,199,11/17/11
zagi,600,236,11/23/11
will,600,313,11/18/11
Thief,600,385,09/22/11
diop,590,91,01/21/12
Alexander,590,99,08/15/14
katie,590,138,08/05/14
Adia,590,119,05/04/14
low,590,124,02/18/14
Jillian,590,220,12/03/12
jmoney,590,195,06/30/12
asdasd,590,123,06/27/12
Bongers,590,96,04/05/12
FUCKYOU,590,122,10/09/11
kingy,590,124,10/14/11
Max,590,148,10/07/11
lokesh,590,150,03/09/12
awe,590,153,03/16/12
bodz,590,155,11/25/11
Alaukik,590,155,12/08/11
Chris,590,165,11/01/11
rag,590,167,09/29/11
jONES,590,167,04/18/12
Jaru,590,174,10/14/11
liur,590,177,01/21/12
Tom,590,184,10/04/11
horseforce,590,184,12/07/11
Ekpen,590,196,09/10/11
dp1,590,197,05/20/12
artwind,590,214,10/09/11
ericthered,590,241,10/14/11
riku,590,248,12/20/11
Ketterer,590,254,12/19/11
aaa,590,262,10/05/11
Matthew,590,269,01/12/12
Majid,580,79,09/03/12
BAGAN,580,154,12/03/14
AAAAAAAAAAAAAA,580,196,10/26/14
klakaka,580,157,09/23/14
joe,580,134,06/12/14
winning,580,225,05/11/14
QB3,580,154,11/14/13
Daniele,580,128,06/28/13
skrillex,580,224,04/20/13
KiNG,580,169,04/11/13
Majid,580,98,09/11/12
Majid,580,84,09/10/12
Jman,580,97,10/31/11
Majid,580,122,08/14/12
Majid,580,97,08/08/12
jgray,580,135,07/05/12
jmoney,580,146,07/03/12
XtraLarge,580,124,10/22/11
zzz,580,126,10/11/11
kokook,580,128,01/18/12
HORSEFORCE,580,136,12/08/11
bagofdicks,580,137,09/18/11
jdz,580,144,10/06/11
bitch,580,145,01/13/12
Bortseb,580,154,04/09/12
Ineentho,580,163,09/28/11
Il_Ma,580,169,09/26/11
GTurk,580,173,11/11/11
SoothsayerOrion,580,176,04/09/12
miki,580,179,11/17/11
Falzar,580,179,05/30/12
boris,580,185,01/21/12
scott,580,200,10/14/11
bl3x,580,201,02/26/12
dbb,580,229,01/21/12
fuck,580,242,02/22/12
nice2,580,271,12/07/11
Majid,570,80,09/10/12
vvjvjjjjj,570,201,11/22/14
Josh,570,244,10/31/14
josh,570,260,10/03/14
Toxic,570,145,09/05/14
eje,570,297,07/31/14
ggg,570,134,07/24/14
gmax,570,200,04/25/14
QB11,570,209,11/14/13
oia,570,129,04/28/13
Ryan39baeball,570,247,04/19/13
corey,570,172,04/19/13
Georgia,570,170,02/26/13
stephen,570,130,02/14/13
jjjjj,570,131,12/15/12
Vince,570,153,09/15/12
Majid,570,109,09/10/12
VYRTUA,570,90,01/06/12
JGTC,570,174,08/17/12
zibbit,570,488,08/14/12
EDLV,570,214,07/16/12
dWolf,570,266,06/16/12
titts,570,100,11/29/11
asd,570,103,03/06/12
micah848,570,104,12/21/11
spspsppsss,570,107,01/16/12
mtu,570,122,11/07/11
Mads,570,136,11/09/11
Bags,570,151,10/09/11
fut,570,156,09/28/11
Diana,570,156,10/07/11
Andreabont,570,157,09/26/11
normandy,570,163,10/27/11
hld,570,165,11/09/11
lucas,570,167,10/06/11
V_V,570,168,11/11/11
CBG,570,169,03/30/12
rosefinch,570,173,01/21/12
clojopick,570,184,11/13/11
Gabriel,570,186,09/22/11
sdas,570,230,05/27/12
yugioh,570,231,09/25/11
runel,560,97,01/15/12
redfox13cts,560,172,12/07/14
gfhb,560,137,07/07/14
Mateusz,560,166,06/19/14
mmk,560,288,06/16/14
Jhean,560,107,05/03/13
Sbarabbacchi8,560,181,04/24/13
skrillex,560,182,04/20/13
IAB,560,198,03/28/13
jbrown,560,148,11/29/12
Majid,560,97,09/11/12
Majid,560,99,09/10/12
ked,560,106,08/08/12
glup,560,138,06/18/12
Grzegorz,560,104,11/08/11
bob,560,110,11/15/11
CACA,560,111,11/24/11
q2q,560,119,11/04/11
dak,560,126,09/25/11
fejwo,560,127,11/10/11
DaJMAN,560,129,10/27/11
Akm,560,130,04/18/12
Flo,560,132,10/18/11
RodrigoCIN,560,152,10/13/11
46446,560,153,12/19/11
ToTo,560,155,10/04/11
4524,560,160,10/11/11
Darshan,560,163,09/27/11
Jez,560,168,09/26/11
bruno,560,169,09/22/11
norman,560,184,10/27/11
chris,560,198,11/02/11
Majid,550,103,09/10/12
pen15,550,161,11/21/14
Akaya,550,262,10/08/14
james,550,240,09/29/14
crippin,550,224,08/30/14
Amy,550,225,07/14/14
tttttt,550,155,06/19/14
naomi,550,245,05/11/14
hell,550,218,05/06/14
gmac,550,180,04/25/14
Rishad,550,104,03/19/14
QBJENNINGS123,550,204,11/13/13
Kakashi,550,127,05/07/13
danielquean,550,303,03/20/13
Sergio,550,116,10/27/11
bl3x,550,178,07/20/12
Gamil,550,131,06/28/12
abc,550,197,06/19/12
awe,550,119,04/18/12
awe,550,121,04/04/12
ShinRyuu,550,144,11/30/11
www,550,147,10/05/11
beevo,550,147,05/11/12
bl3x,550,155,02/26/12
Tim,550,157,09/23/11
COucou,550,163,10/20/11
FelixWolf,550,168,10/11/11
jdm,550,174,09/24/11
fghj,550,180,10/03/11
ericthered,550,199,10/13/11
aaa,550,269,10/06/11
Kyle,550,275,12/05/11
BunerDude,540,98,04/04/12
okay,540,172,12/11/14
LEO_SUCKS,540,228,11/26/14
Josh,540,375,09/24/14
tadoe,540,209,09/18/14
crippin,540,242,08/30/14
silver,540,184,07/28/14
joshua,540,222,07/18/14
SoNikeKiller,540,134,06/21/14
Amit,540,172,06/06/14
naomi,540,198,05/11/14
boom,540,128,05/08/14
sdfghj,540,135,04/17/14
Alessia,540,109,04/11/13
stephen,540,176,02/14/13
xyz,540,249,01/23/13
fitz,540,150,10/04/12
NSC,540,107,10/02/11
Joe,540,108,11/20/11
miki,540,128,11/17/11
norman,540,132,10/28/11
chc,540,137,11/17/11
stphac,540,139,10/20/11
3213213,540,139,11/24/11
sam,540,143,10/05/11
8888,540,159,10/03/11
Aaron,540,168,12/01/11
clojo,540,176,11/13/11
Lame,540,179,10/06/11
eduART,540,181,11/10/11
Mano,540,194,10/10/11
aprilkeel,540,206,02/07/12
ihay,540,239,04/19/12
Majid,530,73,08/08/12
skyler,530,171,11/24/14
Mark,530,145,11/23/14
abc,530,125,11/17/14
Nana,530,169,10/30/14
KuroNeko,530,127,09/22/14
teshawn,530,316,08/25/14
Isaiah,530,136,08/23/14
123,530,204,08/12/14
Alexander,530,95,08/12/14
Ethan,530,122,07/10/14
flhodz,530,243,06/19/14
pubes,530,146,05/23/14
snaaaaake,530,154,05/15/14
John,530,170,04/07/14
dickhead,530,146,01/29/14
fnl,530,114,08/20/13
Beeda,530,135,05/23/13
ghghgh,530,204,02/23/13
killaH,530,93,12/31/12
Majid,530,103,09/11/12
CooLDoG,530,103,08/29/12
chris,530,101,02/27/12
bl3x,530,162,07/20/12
pyrokar,530,105,11/01/11
MIC,530,111,10/30/11
nix,530,119,09/27/11
Snow,530,126,09/25/11
scott,530,126,10/15/11
Basti,530,132,03/21/12
fisky,530,151,11/20/11
azu,530,155,01/09/12
kani,530,159,10/19/11
555,530,164,11/02/11
A64DH339,530,164,02/04/12
bl3x,530,168,02/26/12
dan,530,168,03/02/12
troy,530,196,11/15/11
jane,530,204,01/21/12
abc,530,212,11/04/11
jjj,530,226,12/07/11
Majid,520,83,09/11/12
REDFOX13CTS,520,154,12/07/14
jerry,520,183,11/18/14
kuntakinte,520,120,11/18/14
Gila,520,88,10/17/14
joma,520,256,09/27/14
sarah,520,221,08/31/14
Eamonn1,520,219,08/14/14
katie,520,159,08/05/14
Maddy,520,186,06/13/14
wayne,520,165,06/04/14
lol,520,111,05/16/14
spencer,520,201,04/27/14
trololol,520,169,02/20/14
mmg,520,226,02/17/14
utopik,520,86,07/23/13
KiNG,520,166,04/11/13
dad,520,120,02/16/13
Cassie,520,146,01/25/13
Fxy,520,85,10/15/11
Majid,520,87,08/14/12
David,520,114,08/13/12
jmoney,520,143,07/01/12
SabrinaF,520,119,06/22/12
RB3,520,159,06/16/12
arthur,520,91,10/17/11
durn,520,96,11/24/11
suhuu,520,97,10/19/11
svenhouse,520,101,10/14/11
Sweller,520,102,01/19/12
krisann,520,105,02/11/12
matthew4295,520,111,04/09/12
aasdf,520,117,10/05/11
Spacy,520,120,10/10/11
rob,520,120,12/03/11
MarcoR,520,134,09/24/11
Van,520,134,10/13/11
Benji,520,138,09/24/11
Dread,520,138,12/12/11
Woiti,520,138,02/23/12
kdn,520,145,09/22/11
chr,520,148,03/11/12
jordan,520,153,11/03/11
Pexx,520,157,05/06/12
Tilian,520,159,12/03/11
razor,520,164,10/03/11
PoZoR,520,165,09/27/11
aaa,520,182,10/05/11
bulldozer,520,183,12/04/11
Sylar,520,191,12/03/11
Sasha,520,192,11/10/11
Mike,520,211,12/01/11
kojima,520,222,05/14/12
donaldKid,510,75,10/07/11
summer,510,162,12/20/14
JoeyWoko14,510,124,12/18/14
jacob,510,199,11/04/14
Gila,510,91,10/18/14
sdk,510,149,09/28/14
Tobias,510,112,09/04/14
ejje,510,225,07/31/14
jordy,510,170,04/30/14
fghjkl,510,130,04/12/14
yoyo,510,236,04/08/14
baileyh,510,163,04/02/14
Noah,510,195,03/23/14
planete,510,154,07/19/13
shauna,510,179,04/26/13
josh,510,117,03/25/13
bridie,510,122,03/06/13
Cassie,510,108,01/25/13
Majid,510,45212,09/12/12
FUUUUUUU,510,86,01/20/12
kkh,510,87,09/28/11
meek,510,94,09/28/11
wik,510,103,12/02/11
Basti,510,109,05/16/12
snoopy,510,111,11/30/11
ben,510,114,10/12/11
Tyler,510,115,10/05/11
fut,510,118,09/28/11
Woiti,510,120,03/07/12
piorr,510,126,10/27/11
Aaron,510,126,01/22/12
aaa,510,129,01/21/12
volly,510,132,03/12/12
tucky,510,135,04/30/12
timbob,510,137,10/25/11
Matt,510,137,11/16/11
Rafael,510,149,10/17/11
cock,510,156,11/29/11
jjt,510,170,11/17/11
JasonYeung,510,173,01/21/12
123,510,175,01/21/12
ldm,510,178,01/22/12
kustas,510,185,09/18/11
Thief,510,193,09/22/11
ammu,510,211,09/22/11
troy,510,213,11/15/11
hoagie,510,425,04/20/12
HiThere,500,7,05/20/13
redfox13cts,500,118,12/07/14
Jon,500,154,11/18/14
Hsg,500,109,11/11/14
SAA,500,135,10/19/14
tanner,500,193,09/25/14
Alexander,500,101,08/13/14
ggg,500,234,06/28/14
Grox18,500,135,05/23/14
DAVID,500,161,05/21/14
Sam,500,162,05/15/14
yurko,500,124,05/09/14
JENNINGS2,500,174,11/14/13
Brett,500,101,06/04/13
None,500,1868,05/21/13
Majid,500,76,08/14/12
IAB,500,205,03/28/13
paul,500,170,03/25/13
FVCXVXVC,500,122,11/06/12
aaasdasd,500,127,10/31/12
Majid,500,90,08/20/12
PNTR,500,86,10/08/11
JMONEY,500,140,06/30/12
Arthur,500,92,10/19/11
meek,500,111,09/27/11
tere,500,111,11/21/11
hannes,500,116,09/30/11
echoes999,500,119,09/22/11
miki,500,121,11/17/11
Mrrix32,500,127,05/21/12
Aryeom,500,133,10/06/11
Mee,500,138,09/26/11
nice,500,142,12/07/11
ddd,500,160,11/22/11
333,500,163,02/28/12
cjd,500,166,09/23/11
tracker,500,184,04/09/12
Samarth,500,198,01/23/12
Pangzi,500,204,01/21/12
lokesh,500,210,03/09/12
troy,500,232,11/15/11
12345,500,247,04/17/12
Meek,490,62,10/23/11
jae,490,188,10/08/14
Philliam,490,127,10/01/14
tae,490,171,09/18/14
anninua,490,213,09/06/14
clive,490,196,07/22/14
Maddy,490,199,06/06/14
Sam,490,139,05/16/14
jordy,490,219,05/02/14
Havok,490,92,04/29/14
Kam,490,145,04/16/14
Mike,490,205,07/27/13
spkr,490,144,04/04/13
stephen,490,122,02/14/13
m_w,490,123,12/01/12
Jeppe,490,159,11/30/12
iceman,490,141,08/23/12
JMONEY,490,112,06/30/12
Kelly,490,92,02/12/12
DougN,490,96,10/25/11
PYR,490,100,09/25/11
Flavien,490,102,09/24/11
shouse,490,105,10/14/11
CrazyWayne,490,112,03/06/12
Awe,490,113,03/17/12
Bortseb,490,119,04/10/12
ezfic,490,121,01/15/12
Dvx,490,122,09/28/11
awe,490,122,03/16/12
Benji,490,124,10/04/11
LOL,490,125,02/06/12
Jhansonpk,490,131,10/13/11
Jerlk,490,133,01/29/12
seh,490,143,10/15/11
Riscii,490,147,11/13/11
alex,490,150,10/11/11
tamere,490,153,09/26/11
sghj,490,154,11/25/11
hggg,490,162,11/28/11
AHAHG,490,168,09/22/11
clojo,490,176,11/13/11
Asmus,490,190,09/23/11
tazlc,490,190,04/09/12
123,490,248,11/16/11
Majid,480,76,08/08/12
Gila,480,88,10/17/14
Gila,480,95,10/13/14
Nate,480,166,09/25/14
Tom,480,170,09/24/14
kaitlin,480,144,07/17/14
fw4,480,149,07/07/14
Luthien,480,133,07/05/14
WZD,480,102,06/28/14
Ady,480,176,05/20/14
dinesh,480,202,03/06/14
chanman,480,178,03/05/14
mmg,480,157,02/17/14
erynn,480,282,08/03/13
jaggu,480,168,05/24/13
sdv,480,141,04/26/13
wallball,480,156,10/05/12
Majid,480,78,08/08/12
adfdf,480,79,07/27/12
666,480,94,12/02/11
bl3x,480,156,07/20/12
93tya,480,96,10/30/11
Nello,480,101,11/25/11
Qma,480,110,11/15/11
core,480,114,10/26/11
fail,480,135,11/09/11
YoursTruly,480,135,05/27/12
bl3x,480,138,02/28/12
clojo,480,139,11/13/11
mar,480,146,03/19/12
Kumera,480,148,11/13/11
kaka,480,148,01/23/12
Pyro,480,157,11/19/11
scott,480,160,10/15/11
FROWNYFACE,480,163,10/26/11
bl3x,480,166,02/26/12
tazlc,480,180,04/09/12
ulises,480,285,09/23/11
Majid,470,63,09/10/12
jacobpearl,470,126,12/01/14
grace,470,196,06/26/14
naq,470,159,05/12/14
wiw,470,108,04/30/14
GMac,470,149,04/24/14
Simi,470,142,03/30/14
Kerouak,470,81,03/21/14
riven,470,102,03/21/14
archiebald,470,102,01/29/14
LeoSocks,470,169,11/16/13
yhggggg,470,123,11/14/13
LUU,470,114,07/17/13
aleeee,470,154,04/24/13
drr,470,166,04/19/13
drr,470,219,04/19/13
Cassie,470,141,01/25/13
Jay,470,259,12/21/12
bmm,470,298,10/03/12
meek,470,73,10/21/11
jmoney,470,184,06/29/12
godewer,470,79,09/19/11
Niy,470,81,04/10/12
zzg,470,84,12/11/11
likujgf,470,101,12/01/11
Mishari,470,102,09/18/11
Azixev,470,104,01/16/12
Lucas,470,117,10/06/11
Brauni,470,125,02/21/12
rrn,470,126,04/18/12
ken,470,131,09/24/11
kaka,470,141,01/25/12
bl3x,470,141,02/26/12
rsgw,470,154,10/04/11
mishi,470,160,01/21/12
lalalala,470,177,09/29/11
ldm,470,183,01/21/12
iui,470,210,12/14/11
kjbl,470,239,12/06/11
GIRRRLLL,460,70,06/25/12
redfox13cts,460,164,12/07/14
YoloBaggins,460,126,11/05/14
mathis,460,230,09/26/14
Sam,460,157,05/15/14
loo,460,97,04/01/14
drr,460,129,04/19/13
frijo,460,157,04/19/13
dobby,460,275,12/02/12
Majid,460,85,08/08/12
meek,460,83,09/28/11
Persona,460,130,06/24/12
Gabriel,460,88,10/10/11
chloe,460,96,11/13/11
togaboy,460,99,10/07/11
aaaaaaa,460,105,10/08/11
Davad,460,106,09/25/11
meek,460,108,09/28/11
Hupernikao,460,108,10/07/11
ihih,460,108,11/27/11
awe,460,115,03/16/12
FLUUUUUUU,460,116,09/28/11
bleh,460,118,04/03/12
Day,460,120,11/28/11
charmain,460,131,05/13/12
Fra,460,139,10/07/11
Ricardo,460,146,11/15/11
jdkasinsky,460,148,10/23/11
Gag,460,153,01/20/12
Conaclos,460,154,04/09/12
dic,460,163,09/28/11
volly,460,169,01/23/12
Crap,460,170,10/17/11
Maxx,460,313,12/05/11
meek,450,84,09/28/11
ser,450,147,10/17/14
kevin,450,156,10/05/14
killer,450,112,10/01/14
12344555555,450,105,09/11/14
Meow,450,137,09/03/14
Zeitler,450,90,08/25/14
Sean,450,109,06/25/14
eryadhfg,450,137,06/13/14
Vicky,450,139,05/28/14
Lars,450,140,05/16/14
Sam,450,113,05/16/14
nnb,450,123,05/11/14
Mags,450,212,04/27/14
zhongta,450,227,04/19/14
lowbob,450,111,02/18/14
HTML5FTW,450,118,05/12/13
Oceanity,450,113,05/01/13
kol,450,216,04/20/13
Majic,450,123,04/03/13
asdf,450,244,03/16/13
qwe,450,179,03/04/13
cool,450,170,02/04/13
hosam_alaa,450,117,12/16/12
jack,450,138,12/01/12
Sylfa,450,134,06/15/12
nsc,450,89,10/02/11
aecf,450,90,02/18/12
Rmulo,450,93,11/10/11
kak,450,99,01/25/12
AndyWill,450,106,10/16/11
ldm,450,108,01/21/12
1111,450,118,01/21/12
lucas,450,120,10/06/11
kaka,450,120,01/23/12
DaJMAN,450,122,10/27/11
sdf,450,145,11/08/11
Chrisw,450,155,09/29/11
JMH,450,167,11/28/11
GOD,450,394,12/08/11
Majid,440,67,08/14/12
333,440,96,12/15/14
redfox13cts,440,126,12/05/14
420,440,108,11/14/14
lucas,440,194,10/14/14
Garrett,440,116,10/09/14
Tom,440,160,09/19/14
NewRecord,440,155,08/25/14
Joshua,440,243,07/14/14
dqwqwd,440,96,06/20/14
Gidz,440,151,05/10/14
Abbey,440,119,11/11/13
Roger,440,142,04/29/13
Spencer,440,163,04/29/13
tin,440,137,01/23/13
Dante,440,162,12/18/12
mel,440,92,09/24/12
tianjipeng,440,157,09/07/12
huy,440,72,11/20/11
asdasd,440,78,05/19/12
ike,440,85,12/02/11
Reeses,440,87,12/08/11
nelly,440,89,11/07/11
Dread,440,92,12/12/11
thog,440,95,10/22/11
DaJMAN,440,105,10/27/11
999,440,106,11/25/11
Edwad,440,121,10/20/11
dmc,440,132,02/14/12
aiueo,440,133,11/14/11
dicks,440,133,12/22/11
ddd,440,139,11/06/11
tmp,440,140,12/07/11
MC63,440,140,04/22/12
nicola,440,142,10/07/11
Aaron,440,190,02/24/12
lol,440,195,10/02/11
123,440,198,11/19/11
Hoagie,440,216,05/18/12
Majid,430,62,09/11/12
CG30,430,257,12/15/14
redfox13cts,430,120,12/05/14
wil,430,122,12/04/14
yomoma,430,120,12/02/14
L30,430,189,11/26/14
Aaron,430,138,10/21/14
Janelly,430,127,10/16/14
Sam,430,124,09/17/14
eje,430,177,07/23/14
Maxwell,430,116,05/20/14
kkk,430,118,04/12/14
BRANDOON,430,184,03/12/14
KOOLKMAN76,430,86,03/07/14
gggg,430,111,11/14/13
kyle,430,164,05/03/13
Cunt,430,97,04/19/13
DON,430,107,03/30/13
guj,430,144,01/16/13
jack,430,125,12/01/12
Majid,430,67,08/20/12
Majid,430,70,09/10/12
cowboy55,430,68,08/18/12
timkg,430,85,09/21/11
Majid,430,97,08/08/12
Doogie,430,135,07/27/12
cool,430,113,07/12/12
jmoney,430,97,06/29/12
Sami,430,85,12/01/11
qw12dsf,430,89,01/21/12
QQQ,430,91,02/15/12
Alan,430,92,12/01/11
baco,430,93,09/26/11
meek,430,94,09/22/11
Kirill,430,95,09/24/11
meek,430,107,09/22/11
rawr,430,107,10/27/11
1112,430,112,11/15/11
Heidar,430,120,10/31/11
ttt,430,121,11/29/11
12341234,430,125,09/28/11
sad,430,128,02/01/12
23553,430,130,01/08/12
Mishari,430,150,09/18/11
joshuahyun,430,163,12/07/11
Asmus,430,169,09/23/11
ericthered,430,210,10/13/11
Majid,420,55,09/10/12
hello,420,176,12/16/14
abc,420,86,11/17/14
kevin,420,133,10/05/14
Emily,420,229,09/27/14
skull198,420,135,09/25/14
Ben,420,127,09/13/14
kp_king,420,163,09/08/14
Tobias,420,124,09/02/14
ZeitlerClass,420,122,08/25/14
clive,420,146,07/20/14
hd3d,420,108,07/07/14
ashleh,420,116,07/03/14
lol,420,247,06/19/14
ksi,420,217,06/12/14
Christian,420,198,06/11/14
Rachel,420,106,06/01/14
bbb,420,176,05/06/14
baileyh,420,101,04/02/14
frei,420,76,01/28/14
ddd,420,90,07/25/13
jagannath,420,134,05/24/13
dillon,420,120,04/29/13
213i10923,420,100,04/05/13
spkr,420,112,04/04/13
cassie,420,162,01/25/13
desi,420,119,12/21/12
jbrown,420,98,11/29/12
Jiri,420,89,10/23/12
Majid,420,68,09/10/12
Majid,420,66,08/21/12
Majid,420,72,08/20/12
Kelly,420,73,02/12/12
Liz,420,180,06/11/12
YAYAHA,420,85,10/27/11
dadada,420,87,10/10/11
mojtaba,420,87,11/28/11
MDHomem,420,97,01/12/12
thebigboi,420,101,09/22/11
Michael,420,114,12/03/11
ikke,420,118,04/09/12
bla,420,119,10/14/11
123,420,121,10/07/11
fhhf,420,136,05/13/12
goe,420,138,11/03/11
fifi,420,150,10/10/11
Juju,420,151,11/11/11
wayneleung,420,159,01/21/12
xrx,420,163,10/15/11
lomby,420,165,10/06/11
Kevin,420,166,10/19/11
CBG,420,178,03/30/12
Majid,410,68,08/14/12
natergator125,410,92,12/16/14
RenovatedSpark1,410,206,12/15/14
HHH,410,114,12/08/14
EJP,410,140,12/03/14
Yoni,410,161,12/01/14
Emily,410,199,10/17/14
Shiteater9502,410,264,10/13/14
DDD,410,148,09/21/14
KuroNeko,410,91,09/20/14
Sam,410,166,09/17/14
Ashleigh,410,198,09/10/14
crippin,410,140,08/30/14
Honk,410,96,05/07/14
ethan,410,152,04/09/14
JENNINGS,410,107,11/14/13
utopik,410,103,07/18/13
KEX,410,154,05/12/13
Kakashi,410,86,04/26/13
mulu,410,88,04/16/13
samburns,410,116,03/12/13
isnotcool,410,177,03/04/13
Neeraz,410,120,01/17/13
hankey,410,276,01/04/13
FuckYou,410,74,10/02/12
rrr,410,125,09/05/12
Arthur,410,74,10/18/11
SabrinaF,410,219,06/18/12
baldrick,410,82,01/20/12
chris,410,87,02/27/12
asdwad,410,89,03/25/12
KLF,410,94,09/19/11
Rip,410,94,11/28/11
emrah,410,99,09/29/11
meek,410,99,10/21/11
koko,410,99,01/23/12
engin,410,100,10/09/11
mee,410,103,01/27/12
Dejan,410,107,10/03/11
mirecek,410,114,10/11/11
Matt,410,118,10/10/11
afasdfas,410,129,09/25/11
aaa,410,132,10/16/11
Ifch0o,410,139,09/22/11
tazlc,410,140,04/09/12
yasir,410,143,10/10/11
Marfcus,410,155,10/12/11
Cindy,410,155,05/07/12
arash,410,165,02/08/12
aaa,410,168,11/27/11
ChrisPoler,400,62,04/05/12
redfox13cts,400,198,12/07/14
deadsnake,400,108,11/20/14
RalphL,400,225,10/06/14
larru,400,212,08/15/14
booob,400,173,07/29/14
Tilde,400,215,05/22/14
ordemdafenixbr,400,73,05/06/14
yay,400,98,04/21/14
Kam,400,96,04/16/14
jordy,400,199,04/09/14
Noah,400,137,03/23/14
Jelle,400,229,03/10/14
trololol,400,137,02/20/14
jkk,400,129,11/09/13
THEKING,400,181,08/17/13
jaggu,400,90,05/24/13
jake,400,108,04/16/13
Lennybird,400,112,11/19/12
dfgdfdf,400,85,06/28/12
JayBoogie,400,115,06/26/12
SabrinaF,400,238,06/19/12
stn,400,65,09/24/11
foo,400,74,10/10/11
Salustiano,400,76,10/09/11
12312313,400,79,01/21/12
mickey,400,87,11/07/11
XYZ,400,89,01/31/12
Leon,400,90,01/28/12
Caleb,400,92,09/18/11
Obi,400,93,10/15/11
asdf,400,93,02/09/12
TLT,400,94,10/24/11
Bortseb,400,95,04/10/12
Kelly,400,96,02/12/12
chris,400,97,02/27/12
feff,400,100,10/04/11
horatio,400,111,10/26/11
SEA,400,113,11/30/11
aaa,400,116,04/24/12
Pedro,400,120,09/28/11
mac,400,122,09/22/11
Tyraz,400,126,10/21/11
ahad,400,135,10/06/11
Mike,400,146,12/01/11
lrx,400,161,01/21/12
THeJmaN,400,178,10/27/11
Majid,390,55,08/20/12
ccc,390,115,11/15/14
Jango,390,127,11/06/14
ktako,390,94,10/22/14
Nick,390,135,06/07/14
Snakeeatscrap,390,129,05/30/14
simone,390,107,05/16/14
Sam,390,87,05/15/14
Mags,390,232,04/27/14
GMac,390,148,04/24/14
laurajo,390,176,04/16/14
epic,390,124,06/19/13
dvs,390,134,05/28/13
Kakashi,390,104,04/18/13
Alessia,390,135,04/11/13
Cassie,390,102,01/25/13
Joe,390,111,12/11/12
buddyRock,390,67,04/22/12
Majid,390,108,08/14/12
JMONEY,390,87,06/30/12
SabrinaF,390,163,06/18/12
saknl,390,81,03/24/12
ffff,390,82,01/29/12
DonaldSomething,390,82,04/08/12
RodrigoCIN,390,88,10/13/11
RTW,390,91,09/29/11
sebi,390,94,11/03/11
Day,390,94,11/28/11
asd,390,95,09/29/11
eduardo,390,96,12/02/11
gzhjtzj,390,97,11/07/11
erik,390,101,10/16/11
ddd,390,106,10/11/11
tris,390,108,09/18/11
RAWR,390,109,10/27/11
web,390,112,10/20/11
Fbk,390,113,11/02/11
nat,390,115,11/30/11
hahahab,390,116,04/26/12
franck,390,125,10/04/11
wayneleung,390,128,01/21/12
kira,390,129,01/21/12
Joshua,390,133,09/23/11
lynnuur,390,139,01/21/12
djdk,390,140,10/03/11
wolfie2x,390,140,10/05/11
Jen,390,140,12/14/11
Leo,390,145,01/21/12
jaccarmac,390,153,09/27/11
090,390,153,01/13/12
awe,390,161,04/05/12
andreypere,390,163,09/29/11
haha,390,176,01/06/12
ldm,390,191,01/21/12
aprilkeel,390,196,02/07/12
uyfuf,390,222,12/03/11
Majid,380,53,08/08/12
butterboy69,380,144,12/16/14
yourdadisgay,380,120,12/08/14
badwombat,380,93,11/25/14
1234,380,191,11/17/14
TLQ,380,107,11/12/14
gmq,380,137,10/27/14
Janelly,380,139,10/16/14
Maddy,380,118,10/05/14
jtizzle,380,132,09/10/14
crippin,380,164,08/30/14
kayla,380,98,08/22/14
Rai,380,112,07/03/14
VInce,380,130,05/07/14
Madison,380,152,04/25/14
Lionel,380,115,03/18/14
mmg,380,122,02/17/14
asdf,380,260,05/20/13
matt,380,125,04/09/13
officesnake,380,59,03/23/13
muzui,380,89,11/13/12
llp,380,98,10/16/12
winto,380,195,08/27/12
Majid,380,77,08/14/12
broski,380,54,09/23/11
jmoney,380,170,06/29/12
meek,380,59,09/27/11
JuniorBabe,380,74,12/24/11
ksw,380,80,09/23/11
JoeR,380,83,09/22/11
Fbk,380,87,11/02/11
g_m,380,89,04/09/12
valllll,380,91,10/23/11
yey,380,96,09/24/11
Nemo,380,96,11/07/11
Lonster,380,99,09/24/11
ChinG,380,111,11/04/11
monk,380,114,01/21/12
simon,380,115,01/26/12
lkn,380,121,10/27/11
suzie,380,123,11/11/11
loooser,380,124,12/03/11
Graham,380,129,09/22/11
zano,380,137,10/06/11
PatrickMia,380,141,09/24/11
jahsen,380,141,04/01/12
asdf,380,152,09/25/11
ammu,380,233,09/22/11
Sdude,380,242,04/13/12
Kevin,380,485,09/18/11
Majid,370,58,09/11/12
angela,370,100,12/18/14
GHOST,370,214,11/07/14
Jango,370,176,11/06/14
spencer,370,128,11/06/14
danman,370,94,10/31/14
Kylie,370,102,10/28/14
jacob,370,167,10/24/14
brace,370,287,10/11/14
Ralph,370,235,10/05/14
crippin,370,152,08/30/14
kayla,370,97,08/21/14
Ethan,370,94,07/10/14
ffd,370,66,06/21/14
mateuz,370,125,06/19/14
Maddy,370,254,06/13/14
Bethanyxx,370,235,04/06/14
simi,370,120,03/30/14
AAA,370,78,03/12/13
Cassie,370,124,01/25/13
tin,370,94,01/23/13
Anna,370,81,01/08/13
cowboy59,370,86,09/21/12
uzi,370,60,10/03/11
Majid,370,70,09/11/12
tryagain,370,61,05/14/12
Damnerere,370,66,02/22/12
QQQ,370,70,02/15/12
THEJMAn,370,72,10/27/11
vvvvv,370,76,11/01/11
DAMM,370,86,10/03/11
Drift,370,87,03/30/12
Asif,370,94,12/03/11
BOB,370,99,09/23/11
Matt,370,99,10/10/11
Icebob,370,105,11/12/11
cheney,370,111,10/02/11
555,370,118,11/02/11
cjd,370,119,09/23/11
norman,370,127,10/27/11
jill,370,128,11/10/11
Fail,370,134,11/11/11
ARGH,370,138,12/25/11
jjjj,370,142,01/24/12
will,370,151,11/18/11
michael,370,158,01/21/12
Ashley,370,181,11/20/11
CBG,370,265,03/30/12
John,370,304,09/18/11
Majid,360,45,08/20/12
HHII,360,91,11/06/14
RIck,360,99,10/27/14
Michael,360,84,10/14/14
Sergey,360,178,10/07/14
killer,360,136,10/01/14
james,360,193,09/28/14
PaigeIsFabulous,360,205,08/12/14
WZD,360,114,06/28/14
titsmcgee,360,170,05/21/14
Sam,360,102,05/15/14
martin,360,90,04/20/14
Matze,360,126,04/02/14
tom,360,135,03/30/14
may,360,156,03/07/14
dwerwer,360,76,02/22/14
tom,360,120,01/29/14
sam,360,78,05/29/13
Praveen,360,69,05/09/13
noob,360,131,04/26/13
merp,360,206,04/12/13
Rahul,360,109,01/07/13
Majid,360,57,09/10/12
loveThing,360,62,06/13/12
theo,360,75,07/11/12
SabrinaF,360,253,06/18/12
gotcha,360,68,11/16/11
bob,360,70,09/24/11
fuck,360,82,10/18/11
vgfsdfg,360,87,10/02/11
jjnggg,360,87,01/12/12
cjd,360,93,09/23/11
dhjfdg,360,93,09/29/11
DougN,360,100,10/25/11
Yoric,360,101,10/03/11
Sturla,360,104,09/25/11
roni,360,106,11/26/11
Lonster,360,114,09/24/11
SoothsayerOrion,360,116,04/09/12
acai,360,119,10/27/11
mau,360,127,09/26/11
wcy,360,127,01/21/12
Harvey,360,131,01/21/12
fff,360,143,09/27/11
Sergey,360,144,02/06/12
bl3x,360,146,02/26/12
nooo,360,173,02/16/12
dharmesh,360,439,10/06/11
Majid,350,44,09/10/12
nemanja,350,79,11/17/14
rancidgoose36,350,99,11/17/14
penis,350,96,11/03/14
james,350,165,09/28/14
kierra,350,135,08/12/14
ccr,350,124,08/03/14
dom,350,139,07/31/14
fff,350,68,06/20/14
taytaytaytaytay,350,114,06/13/14
Amit,350,63,06/07/14
Dakota,350,103,05/22/14
Zabii,350,139,05/20/14
harold,350,148,04/20/14
dfds,350,100,05/20/13
Dillon,350,130,04/29/13
boom,350,155,04/26/13
bala,350,537,04/25/13
Johan,350,123,04/20/13
sammy1999,350,137,02/27/13
kevin,350,198,02/02/13
stn,350,63,09/28/11
Cat,350,92,09/08/12
Cat,350,106,09/08/12
Majid,350,69,08/14/12
jellybean,350,216,07/24/12
hala,350,159,06/16/12
thinh,350,63,11/20/11
meek,350,64,10/21/11
meek,350,71,09/22/11
enno,350,71,04/07/12
Hoe,350,72,01/19/12
Hit,350,77,12/07/11
arash,350,77,02/08/12
nosie,350,89,10/10/11
ikke,350,90,04/09/12
Paula,350,91,10/06/11
asd,350,93,09/24/11
arg,350,94,04/28/12
1337,350,95,11/06/11
OCazz,350,99,10/14/11
Marcus,350,101,10/12/11
rrn,350,103,04/18/12
ian286,350,105,10/09/11
cjd,350,109,09/23/11
nuse,350,110,10/12/11
DaJMAN,350,111,10/27/11
tiago,350,126,10/14/11
dndsfsg,350,142,09/25/11
KIP,350,143,09/27/11
Heia,350,174,11/20/11
Shaunballard98,350,354,04/02/12
Basic,340,54,04/15/12
youcantfindme,340,206,11/04/14
Djibril,340,118,10/24/14
Maxi,340,77,10/12/14
Mitchel,340,100,10/09/14
crippin,340,126,08/30/14
lol,340,82,06/18/14
PENIS,340,154,06/06/14
JERDAN,340,165,05/16/14
Tim,340,119,05/13/14
111,340,116,05/11/14
jordu,340,195,04/09/14
Schubi,340,88,02/10/14
lol,340,79,06/07/13
connor,340,137,05/15/13
Toll,340,60,04/17/13
yashshah,340,126,01/12/13
desi,340,95,12/21/12
cpp,340,87,09/01/12
Majid,340,57,09/01/12
ehk,340,117,09/01/12
jkjkjlkj,340,73,07/28/12
broskiWate,340,56,01/07/12
Joshua,340,63,09/24/11
killer,340,65,08/27/11
WRv,340,67,10/06/11
Doug,340,67,01/18/12
DaJMAN,340,71,10/27/11
chris,340,77,11/14/11
Amirk,340,77,11/19/11
dildo,340,81,11/07/11
colo,340,81,01/18/12
spiral,340,84,10/05/11
kermit01,340,84,01/28/12
TungN,340,89,09/26/11
Caleb,340,92,09/18/11
tcaine,340,97,04/14/12
tuco,340,101,09/28/11
Dan,340,104,10/02/11
aaaaaaaaa,340,105,10/16/11
tester,340,105,01/15/12
AKing,340,116,10/05/11
perduto,340,118,10/12/11
Dino_Babu,340,124,10/07/11
Joshua,340,126,09/23/11
Mike,340,133,12/01/11
Alex,340,150,11/12/11
zdfhdf,340,174,09/26/11
SandraS,340,195,02/29/12
Mewtolvlx,330,47,12/17/14
engin,330,52,10/09/11
haha42,330,130,12/06/14
frankiedrake,330,331,12/02/14
BRETT,330,186,11/14/14
Elissa,330,138,11/10/14
Eric,330,122,10/14/14
SAA,330,143,10/09/14
nooooooo,330,120,10/02/14
mathis,330,130,09/26/14
bee,330,366,09/22/14
KuroNeko,330,81,09/20/14
lis,330,113,08/09/14
eje,330,186,07/29/14
druko,330,131,06/15/14
Rachel,330,95,06/01/14
Uzi,330,74,05/19/14
loclamor,330,97,03/14/14
justin,330,153,05/15/13
pole,330,94,04/19/13
Sbarabbacchio,330,97,04/17/13
jake,330,148,04/16/13
DreamKiller12,330,139,03/08/13
1111111111,330,198,03/07/13
Omar,330,102,02/08/13
Anna,330,67,01/10/13
bigred,330,108,10/04/12
AAL,330,103,07/05/12
bl3x,330,107,07/04/12
awe,330,58,03/25/12
zzg,330,59,12/11/11
Niels,330,65,10/25/11
timeisFlee,330,65,01/17/12
skwigger,330,67,09/21/11
Kelly,330,67,02/12/12
MaBite,330,79,10/20/11
Kat,330,81,12/02/11
Jen,330,83,12/14/11
nanda,330,84,11/25/11
SEA,330,84,11/30/11
me1,330,85,09/22/11
115,330,88,10/07/11
Dooni,330,88,01/16/12
nicholasleezt,330,88,04/09/12
destin,330,88,04/12/12
jyjy,330,91,10/04/11
rnd,330,95,10/05/11
lll,330,98,09/30/11
MAX,330,98,10/22/11
andy,330,108,11/13/11
tman,330,111,11/10/11
hahahaha,330,113,10/13/11
asdfasdf,330,116,10/20/11
minoru,330,116,12/16/11
dan,330,120,11/28/11
yugi,330,126,09/25/11
tazlc,330,126,04/09/12
jav,330,130,11/12/11
xgsdfgd,330,131,12/06/11
horatio,330,132,10/27/11
Kevin,330,140,10/19/11
tomomi,330,149,02/04/12
aras1,330,158,09/22/11
yusei,330,1368,06/01/12
Mortiroch,320,60,12/29/12
lifestyle,320,115,11/24/14
pen15,320,113,11/21/14
Cooper,320,88,11/17/14
carmen,320,99,11/07/14
Doctor,320,211,10/27/14
Con,320,74,10/27/14
akaya,320,158,10/08/14
RBL,320,191,10/08/14
Alana,320,85,09/17/14
EJE,320,157,06/13/14
htr,320,414,06/07/14
jordan,320,91,05/02/14
123,320,140,04/19/14
Vince,320,93,04/08/14
doofus,320,129,02/05/14
cowboy55,320,62,07/24/13
ilyasisbest,320,263,04/17/13
moo,320,63,11/22/11
vaughn,320,118,11/29/12
aje,320,97,10/16/12
scialby,320,136,09/24/12
takeru,320,130,08/07/12
JMONEY,320,79,06/30/12
jmoney,320,63,06/30/12
calvin,320,139,06/24/12
Fuck,320,88,06/11/12
gkv,320,68,04/09/12
Kelly,320,75,02/12/12
mfisher,320,78,09/27/11
lol,320,82,10/20/11
fff,320,83,02/11/12
andra,320,84,12/06/11
Narek,320,85,09/24/11
aamdl,320,88,03/06/12
Sunaadh,320,89,04/08/12
doopi,320,95,01/19/12
Nick,320,101,04/09/12
aaa,320,102,10/05/11
567,320,103,03/01/12
jhon,320,105,10/07/11
Dank,320,106,12/07/11
lianwang,320,109,10/08/11
LSOD,320,109,01/21/12
Caitlin,320,134,09/10/11
dfgs,320,139,09/28/11
penis10,320,145,11/12/11
mak,310,51,01/17/12
ysha,310,208,12/03/14
brett,310,233,11/14/14
Elissa,310,107,11/06/14
Carmen,310,117,10/31/14
Aaron,310,139,10/22/14
riss,310,173,09/30/14
crippin,310,86,08/30/14
EJE,310,160,07/18/14
laurajo,310,262,07/03/14
Rai,310,83,07/03/14
shitoy,310,75,06/13/14
Maddy,310,175,06/06/14
ARealG,310,64,04/29/14
BethanyXOXO,310,147,04/11/14
test,310,290,03/17/14
Jelle,310,150,02/28/14
yoyoyoaflac,310,53,01/28/14
Lallla,310,74,06/20/13
gfdhf,310,109,05/20/13
fmlrulezatgmail,310,137,05/03/13
Sbareariky,310,94,04/24/13
mac,310,61,04/19/13
Kakashi,310,81,04/18/13
Alessia,310,71,04/11/13
will,310,211,03/15/13
bridie,310,107,03/06/13
nash,310,58,12/23/12
asjda,310,112,12/12/12
fdv,310,90,09/21/12
cowboy69,310,93,09/21/12
Majid,310,54,09/10/12
Arthur,310,54,10/26/11
Xyzzy,310,56,10/25/11
Score310,310,63,04/08/12
runel,310,65,01/15/12
Fanker,310,68,04/15/12
Korodny,310,69,09/24/11
elisa,310,74,10/08/11
Erick23,310,74,10/10/11
siim,310,75,09/22/11
Plops,310,77,10/12/11
rebe,310,77,11/07/11
volly,310,84,12/19/11
Alex,310,93,10/05/11
ddd,310,100,01/21/12
Martin,310,101,11/03/11
Qma,310,101,11/15/11
Fubar,310,105,12/04/11
tommick,310,110,12/20/11
Allo,310,113,09/28/11
andrew,310,114,02/27/12
babu,310,122,10/05/11
Olao99,310,126,11/13/11
dan,310,132,03/04/12
Blom,310,137,03/05/12
Asmus,310,145,09/23/11
GWADMIN,310,153,09/25/11
praveend,310,158,11/10/11
Yvonne,310,160,01/21/12
vxx,310,178,01/17/12
EMILY,310,265,10/23/11
Spencer,300,40,04/29/13
zach,300,95,12/06/14
joe,300,191,10/30/14
jam,300,224,10/21/14
akaya,300,127,10/08/14
Clayton,300,153,10/06/14
poo,300,116,09/17/14
rylee,300,163,08/29/14
rylee,300,203,08/29/14
bobob,300,65,07/07/14
pIGHYGB,300,121,06/11/14
Rosie,300,132,04/27/14
Whatthe,300,70,04/21/14
CNO,300,190,03/30/14
Kenny,300,68,03/26/14
ghj,300,56,03/17/14
Aidan,300,112,03/14/14
vvvvv,300,163,03/04/14
vjnh,300,205,02/28/14
ismail,300,132,02/07/14
caiden,300,130,06/11/13
Majid,300,48,09/10/12
lol,300,56,04/19/13
Alessia,300,89,04/11/13
stewie,300,100,03/05/13
cyz,300,91,02/23/13
ranvi,300,194,02/17/13
KillerJA3,300,102,01/24/13
jack,300,85,12/01/12
Meek,300,51,10/23/11
Razick,300,144,06/22/12
uill,300,71,06/21/12
SabrinaF,300,286,06/18/12
meek,300,53,10/21/11
hure,300,57,09/22/11
kIllerKahn,300,65,05/09/12
jrr,300,67,11/07/11
Ismael,300,67,12/02/11
eros,300,74,01/15/12
Sebien,300,80,10/21/11
Kahuna,300,84,10/10/11
Vasea,300,90,01/14/12
Dino,300,91,09/25/11
Grzegorz,300,91,05/15/12
Nemo,300,93,11/07/11
test,300,94,10/07/11
Brayden,300,95,11/06/11
111,300,98,10/28/11
norman,300,105,10/27/11
AShish,300,110,10/14/11
htf,300,111,03/13/12
iluv,300,114,10/09/11
Scfasdfas,300,115,04/19/12
aaa,300,121,10/15/11
cock,300,121,11/29/11
123,300,133,10/14/11
jenny,300,162,09/27/11
aprilkeel,300,166,02/07/12
killer,290,45,12/21/12
rekt,290,118,11/24/14
yolo,290,69,11/17/14
kjh,290,113,11/06/14
ian,290,95,09/22/14
Adam,290,147,09/05/14
carl,290,102,09/03/14
kiki,290,139,07/25/14
arlo,290,197,05/27/14
John,290,145,05/22/14
Kenrick,290,95,05/12/14
adadsad,290,51,05/09/14
yurko,290,71,05/09/14
stavros,290,121,04/30/14
wednesdadt,290,268,03/18/13
mark,290,129,02/15/13
jingYi,290,129,01/19/13
Ralph,290,50,09/15/11
murphysean,290,69,12/19/12
sourav_sirohi,290,124,09/19/12
foo,290,80,09/06/12
IAmBored,290,84,06/20/12
IAmBored,290,101,06/20/12
yoo,290,50,01/05/12
Damner,290,52,01/18/12
Anatol,290,52,01/21/12
meek,290,54,09/28/11
heightKid,290,57,10/26/11
Arthur,290,58,10/20/11
Brauni,290,59,02/21/12
Tom,290,62,10/04/11
Rawr,290,63,10/27/11
ksw,290,65,09/23/11
marius,290,70,09/24/11
Mack_Daddy,290,73,10/06/11
Joe,290,73,11/20/11
Arthur,290,77,10/18/11
899k,290,79,11/11/11
sdf,290,81,11/13/11
walter,290,82,05/11/12
Nowami,290,84,11/20/11
rithy,290,85,10/03/11
damn,290,85,11/15/11
Andy,290,85,01/20/12
god,290,86,11/28/11
Brittany,290,91,10/28/11
fmeppo,290,94,10/05/11
Illvenom,290,100,01/18/12
ken,290,105,11/02/11
BraydenH,290,106,10/12/11
zadkiel,290,110,10/03/11
123456789,290,112,10/04/11
tomomi,290,137,02/04/12
kevin,290,140,09/24/11
hhhh,290,149,10/05/11
000,290,155,10/19/11
luci,290,173,10/07/11
Majid,280,35,08/08/12
100000000000000,280,76,12/06/14
wil,280,66,12/04/14
wil,280,108,12/04/14
GHOST,280,208,11/07/14
tyler,280,69,11/05/14
huhu,280,283,10/04/14
wwc,280,88,10/02/14
charlie,280,106,09/30/14
bob,280,125,07/18/14
poop,280,180,06/25/14
DALTON,280,214,06/05/14
kjlkjl,280,127,06/02/14
loclamor,280,86,05/12/14
123,280,352,03/14/14
dcm,280,257,01/24/14
thisistheend,280,65,11/06/13
estol,280,63,04/07/13
jar,280,155,03/27/13
candy,280,48,03/18/13
JIB,280,103,01/10/13
asdf,280,52,11/20/12
Shaun,280,82,10/28/12
nyancat,280,72,10/17/12
Majid,280,46,09/03/12
Majid,280,44,08/20/12
Majid,280,45,08/20/12
dammit,280,38,03/27/12
taylor,280,91,07/20/12
QWE,280,85,06/20/12
SabrinaF,280,1029,06/19/12
SabrinaF,280,154,06/19/12
shikha,280,140,06/10/12
Sunaadh,280,48,04/27/12
ksw,280,49,09/23/11
lovely,280,60,11/30/11
justin,280,63,11/27/11
mojtaba,280,63,11/28/11
VAS,280,64,10/11/11
king,280,66,10/14/11
trrf,280,67,01/05/12
chris,280,68,02/27/12
gjkgjkgjkl,280,71,09/27/11
324,280,72,10/25/11
ldm,280,76,01/21/12
Baas,280,77,03/06/12
ajp,280,85,09/27/11
gon,280,85,03/17/12
Brayden,280,86,10/16/11
matt,280,86,11/16/11
ultimochip,280,87,11/29/11
cableTV,280,90,02/17/12
asdf,280,98,04/08/12
jvn,280,100,11/05/11
Brands,280,101,10/03/11
Mike,280,106,12/01/11
Reggae,280,112,11/15/11
Mike,280,116,12/01/11
IIAXA,280,121,10/08/11
stephen549,280,126,09/23/11
superblag,280,130,09/23/11
ldm,280,130,01/21/12
elevenchar,280,138,09/27/11
Adyst,280,147,11/05/11
Mike,280,147,12/01/11
123,280,153,10/06/11
Rajshri,280,165,04/20/12
DiDiDi,280,166,01/07/12
busyBeaver,280,274,10/23/11
222,280,17025,10/06/11
Jobs,270,47,10/06/11
erica2001,270,114,12/17/14
Nia,270,113,11/27/14
jacob,270,124,11/26/14
raziel,270,80,11/04/14
james,270,112,09/29/14
Joshua,270,88,09/24/14
Tom,270,86,09/19/14
Adam,270,86,09/05/14
crippin,270,107,08/30/14
allison,270,194,08/17/14
lis,270,265,08/09/14
hodis,270,74,07/16/14
amol,270,98,07/02/14
EJEQAE,270,172,06/14/14
farquaad,270,84,06/12/14
420yoloswag,270,74,05/27/14
simone,270,83,05/16/14
JERDAN,270,117,05/16/14
Sam,270,101,05/15/14
Yofu,270,147,05/13/14
yurko,270,66,05/09/14
Envi,270,66,05/07/14
Mags,270,147,04/27/14
gmac,270,94,04/24/14
Kam,270,53,04/16/14
BRANDOOOON,270,122,03/12/14
Pluh,270,105,02/15/14
Easa,270,111,03/05/13
LOL,270,110,01/16/13
Anna,270,60,01/08/13
Anna,270,77,01/08/13
cowboy55,270,1402,12/03/12
AAA,270,92,11/21/12
djhfjdhfjhd,270,122,11/08/12
marta,270,97,09/22/12
cowboy69,270,60,09/21/12
dfts1,270,94,09/01/12
VMB,270,251,08/21/12
Austin,270,63,07/11/12
baaaaa,270,93,06/21/12
Caccone,270,47,10/15/11
Joe,270,52,11/20/11
fiersom,270,54,10/04/11
mojo0304,270,58,04/15/12
Damner,270,59,12/13/11
Hoff,270,63,02/11/12
jvn,270,66,11/05/11
ginger,270,70,09/22/11
shouse,270,70,10/14/11
gamesgtcom,270,70,10/31/11
browseTV,270,70,04/20/12
Mij,270,74,09/22/11
koko,270,77,01/23/12
CiroMoura,270,78,10/04/11
buu,270,78,04/08/12
Joshua,270,86,09/23/11
cgf,270,92,05/19/12
matthew4295,270,93,04/09/12
Bortseb,270,97,04/09/12
fartyfart,270,98,11/15/11
Newgap,270,111,10/15/11
Peter,270,112,11/11/11
888,270,122,01/21/12
awesomeme,270,141,11/02/11
kyle,270,142,03/08/12
mak,270,158,11/11/11
will,270,161,11/18/11
jkljlk,270,168,10/20/11
Duncan,270,168,02/17/12
uytykjy,270,182,11/25/11
andrewh,270,191,10/24/11
haho,270,196,01/29/12
tunable,270,255,10/08/11
cowboy55,260,37,06/28/12
adoubles,260,104,11/21/14
PERNNESSS,260,136,11/12/14
IKE,260,101,11/07/14
DAn,260,115,11/07/14
Dan,260,129,11/07/14
Butts,260,93,10/31/14
wns,260,59,10/18/14
farts,260,77,10/13/14
Tom,260,106,09/24/14
asshole,260,106,09/04/14
Fie,260,117,08/28/14
sxotty,260,209,08/27/14
kendra,260,100,07/07/14
amy,260,127,07/01/14
fhd,260,154,07/01/14
Craycraymay,260,206,06/09/14
aaaaaaaaa,260,62,05/23/14
brandonisgay,260,64,04/23/14
211,260,94,04/19/14
jason,260,96,04/07/14
simi,260,48,03/30/14
harlow,260,404,02/04/14
nolan,260,49,01/29/14
frei,260,96,01/28/14
JENNINGS,260,68,11/13/13
justin,260,106,05/15/13
Sven,260,87,05/02/13
Spencer,260,68,04/29/13
Kakashi,260,73,04/18/13
bob,260,59,03/07/13
AEd,260,47,02/19/13
ciao,260,49,02/08/13
Malik,260,67,02/04/13
Cassie,260,75,01/25/13
HANKEY609,260,269,01/04/13
hiasbfhus,260,72,12/12/12
jack,260,55,12/01/12
ven,260,145,11/08/12
Majid,260,46,09/10/12
dREW,260,64,08/04/12
Doogie,260,122,07/27/12
poop,260,282,07/27/12
smp,260,107,07/22/12
Ali,260,88,07/16/12
JMONEY,260,67,06/30/12
BrianUstas,260,47,03/31/12
mnn,260,53,06/15/12
fuck,260,47,05/16/12
Arthur,260,51,10/19/11
damg,260,54,11/20/11
lovely,260,55,10/08/11
mickey,260,58,11/07/11
dammer,260,58,03/10/12
kkkkkkk,260,59,09/28/11
Bartek,260,60,08/27/11
uahuxhx,260,61,11/27/11
alan,260,63,10/06/11
Red,260,66,10/31/11
Leo,260,67,10/05/11
gman,260,68,11/20/11
matthew4295,260,69,04/09/12
bla,260,71,11/29/11
brian,260,74,01/03/12
Bob,260,78,03/17/12
MGJ,260,80,10/03/11
copyninja,260,81,11/04/11
Wingle,260,81,01/21/12
Astec,260,85,10/01/11
Groupie,260,90,10/06/11
selim,260,97,11/18/11
maxrussia,260,99,10/03/11
Ich,260,113,12/09/11
rae,260,113,04/21/12
lue,260,118,04/17/12
allen,260,134,11/19/11
jjjj,260,135,11/22/11
roman,260,181,01/12/12
GED,260,189,12/08/11
FUCK,250,35,10/07/14
kim,250,59,12/01/14
Abie,250,84,11/30/14
dave,250,67,11/18/14
Elissa,250,80,11/07/14
Luke,250,95,10/28/14
bruhh,250,53,10/24/14
cowboy55,250,37,07/02/12
Kiki,250,111,07/23/14
test,250,60,06/26/14
zxdfghjks,250,109,06/19/14
Jess,250,72,06/17/14
eje,250,130,06/16/14
Nick,250,69,06/07/14
Sam,250,84,05/15/14
AdamDJ26,250,410,04/29/14
win,250,105,04/11/14
YoMASTER,250,133,02/05/14
harlow,250,263,02/04/14
jack,250,136,07/01/13
connor,250,92,05/15/13
booP,250,137,04/19/13
frijo,250,144,04/19/13
cowboy,250,48,02/21/13
Dan,250,61,01/17/13
001,250,117,12/01/12
DrPenisburg,250,79,11/25/12
kazuma,250,164,09/27/12
Guru,250,145,09/16/12
smm,250,83,09/15/12
Majid,250,45,08/20/12
Majid,250,42,08/14/12
will,250,78,07/28/12
Doogie,250,104,07/27/12
dope,250,41,11/27/11
Sabrina,250,158,06/18/12
LucyLook,250,51,06/10/12
hshs,250,42,09/25/11
foobar,250,45,10/11/11
def,250,48,11/26/11
Sunaadh,250,51,04/27/12
dave,250,56,10/04/11
mist,250,59,05/16/12
intelx86,250,63,10/04/11
isis,250,67,09/15/11
meek,250,69,09/22/11
BBIBBO,250,69,10/30/11
lad,250,76,09/24/11
Humilulo,250,76,10/19/11
xapt,250,82,10/04/11
Aloz1,250,84,11/21/11
pikopiko,250,128,01/19/12
Billn,250,131,10/03/11
2916615,250,147,10/06/11
34234234,250,149,04/25/12
Ricardas,250,169,10/22/11
joeb,250,273,11/22/11
Kieran,250,342,02/25/12
fineboy,240,38,10/07/11
hmb,240,112,12/21/14
Jarod,240,68,11/25/14
sanjay,240,143,11/22/14
Ebbola,240,61,11/03/14
Annastacia,240,111,10/30/14
Nickypoo,240,104,10/30/14
chaz,240,118,10/08/14
riss,240,188,09/30/14
Taedoe,240,150,09/17/14
Alexander,240,54,08/12/14
emmei,240,90,08/09/14
nage,240,131,07/05/14
Johnny,240,176,05/29/14
lll,240,70,05/22/14
Veronica,240,164,05/14/14
Jeni,240,192,05/10/14
jkj,240,97,04/29/14
lan,240,65,04/20/14
BELOWISACUNT,240,91,03/18/14
wah,240,75,02/13/14
fff,240,71,02/09/14
nolan,240,62,01/29/14
epic,240,118,06/19/13
juancam,240,109,06/15/13
Ray,240,70,03/20/13
yuki,240,97,03/12/13
Bovas,240,116,03/07/13
hhh,240,76,01/11/13
danielle,240,160,01/02/13
rrr,240,45,09/05/12
ROXASORA,240,57,09/01/12
giulio,240,65,07/25/12
bl3x,240,102,07/20/12
hjdwk,240,70,07/13/12
cowboy55,240,60,07/03/12
JMONEY,240,69,06/30/12
taylor,240,95,06/20/12
kukuruzz,240,39,10/29/11
justin,240,41,11/27/11
fuyu,240,45,11/02/11
hroski,240,49,10/01/11
meek,240,51,09/28/11
meek,240,52,09/27/11
arthur,240,55,10/17/11
Kelly,240,57,02/12/12
SurrealM,240,58,10/14/11
Tarsierr,240,59,09/24/11
JAMIE,240,60,10/03/11
Arthur,240,63,10/18/11
654656,240,75,01/29/12
eryj,240,77,10/27/11
ldm,240,81,01/22/12
tttt,240,86,03/22/12
Jez,240,87,09/26/11
kojima,240,96,05/14/12
eac,240,149,10/27/11
IceBoston,240,217,10/10/11
juniorMint,230,25,10/10/11
WyattBricker,230,86,12/16/14
Ava,230,154,11/21/14
sophia,230,100,11/20/14
Annastacia,230,87,10/30/14
poop,230,79,10/21/14
trd,230,424,10/01/14
Morghan,230,187,10/01/14
scotty,230,142,08/27/14
aaa,230,66,08/09/14
eje,230,68,07/29/14
vivienne,230,239,06/27/14
Amit,230,52,06/07/14
andrew,230,197,05/21/14
nomed,230,131,05/11/14
0100,230,72,03/21/14
Liam,230,77,03/11/14
yiyiygtty,230,300,11/08/13
KayRaww,230,66,01/28/13
FUCK,230,109,10/04/12
Alucard,230,75,08/31/12
taylor,230,148,06/22/12
abul,230,63,06/17/12
abul,230,75,06/17/12
foosJam2012,230,37,06/10/12
ooo,230,37,12/01/11
Smitty,230,38,10/11/11
meek,230,44,09/28/11
Abdres,230,45,09/28/11
hallo,230,47,03/14/12
Bla,230,53,10/02/11
dogeer,230,54,11/29/11
Bicac,230,59,09/22/11
shittydan,230,60,10/25/11
nope,230,63,12/01/11
DaJMAN,230,66,10/27/11
Andreyper,230,68,09/29/11
Ben,230,71,11/16/11
dfg,230,77,01/21/12
RAGHsg,230,82,10/25/11
DreamFly,230,92,01/21/12
sam,230,93,10/05/11
ulises,230,100,09/23/11
krishnan,230,102,09/22/11
alex_boss,230,102,10/03/11
fdchkbk,230,102,11/12/11
jlb,230,106,10/24/11
Steve,230,113,11/17/11
gggg,230,121,02/09/12
kjd,230,123,05/03/12
DogNer,230,2072,03/20/12
lols,220,31,09/30/11
joeeee,220,154,12/12/14
EME,220,59,11/29/14
skyler,220,63,11/24/14
Possum,220,122,11/03/14
Sperm,220,86,10/24/14
Chris,220,66,10/17/14
akaya,220,114,10/08/14
Sergey,220,91,10/07/14
bruh,220,55,09/11/14
Carmen,220,131,09/03/14
kayla,220,73,08/22/14
Sam,220,185,08/11/14
bob,220,116,08/09/14
kiki,220,57,07/24/14
ksmnd,220,111,07/23/14
kaitlin,220,69,07/17/14
Joshua,220,130,07/14/14
Kayla,220,103,05/29/14
hip,220,37,05/16/14
supercooper,220,63,05/02/14
bdonisreallygay,220,65,04/23/14
jordy,220,174,04/10/14
dejwid1,220,72,03/02/14
nicole,220,85,01/24/14
juancam,220,98,06/15/13
Keayna,220,100,04/19/13
L3W1S,220,48,04/19/13
jake,220,58,04/16/13
chimichanga,220,65,03/11/13
masaez,220,64,08/12/12
taylor,220,128,07/18/12
nobody,220,49,07/16/12
SabrinaF,220,96,06/18/12
sounghwa,220,37,10/03/11
NaaL,220,46,11/06/11
jkklkl,220,47,09/23/11
zdzfsg,220,49,10/13/11
jfosadif,220,53,11/04/11
AAA,220,56,11/22/11
dos,220,56,01/21/12
edrfgdf,220,57,09/23/11
pop,220,57,10/23/11
wayneleung,220,63,01/21/12
BOB,220,66,09/23/11
Shane,220,67,11/23/11
lukas,220,74,10/20/11
foobar,220,77,09/22/11
eyylt_com,220,96,01/26/12
fap,220,121,09/23/11
Lucas,210,35,12/04/11
chloe,210,128,12/16/14
pen15,210,86,11/21/14
JoeyFatone,210,56,11/13/14
taylor,210,162,11/11/14
Kobe,210,85,11/06/14
FOOBAR,210,38,09/17/14
Macey,210,76,09/12/14
sophia,210,89,08/25/14
wildfawn,210,38,08/10/14
katie,210,42,08/05/14
druko,210,68,05/28/14
Veronica,210,126,05/14/14
Zetek689,210,70,03/25/14
ilyasisbest,210,110,04/17/13
adssa,210,78,04/02/13
lauebwejw,210,60,03/20/13
62642,210,90,02/05/13
mak,210,68,01/21/13
meeeeee,210,249,12/05/12
foobar,210,1177,10/24/12
Majid,210,37,08/20/12
PaSkud,210,42,12/02/11
banana,210,43,09/20/11
sounghwa,210,45,10/03/11
Bortseb,210,47,04/10/12
asdasdasd,210,51,01/21/12
jan,210,53,01/06/12
laggg,210,61,03/07/12
Asmus,210,64,09/23/11
KJW,210,68,10/09/11
lkp,210,69,11/03/11
turi,210,70,11/27/11
fuckngshit,210,71,12/01/11
blah,210,75,02/25/12
Mike,210,76,12/01/11
Gletob,210,90,11/25/11
BOOOOOO,210,93,03/03/12
BFHBESD,210,96,11/28/11
rrr,210,117,12/22/11
puyansude,210,118,10/05/11
george,210,122,11/17/11
Test,210,291,06/03/12
foobar,200,24,03/24/14
leo,200,110,11/26/14
lol,200,54,11/19/14
Elissa,200,65,11/06/14
Annastacia,200,96,10/30/14
ERic,200,55,10/14/14
6420130,200,133,10/07/14
nopnop,200,43,09/05/14
eje,200,83,07/31/14
gyki,200,99,07/25/14
haliq,200,97,07/22/14
200,200,98,07/15/14
grace,200,120,06/26/14
Campbell,200,115,06/17/14
skycraft,200,96,05/22/14
Sam,200,85,05/15/14
111,200,63,05/11/14
mike,200,73,05/05/14
Lexx,200,61,04/30/14
CAJM,200,101,04/17/14
brojam,200,36,11/01/11
blubb,200,153,06/03/13
asdf,200,71,05/20/13
Karo,200,155,04/26/13
BALA,200,259,04/25/13
INDIA,200,161,04/11/13
RF3,200,64,02/04/13
lghklasdghj,200,52,01/28/13
Dan,200,74,01/17/13
KillaH,200,55,12/31/12
jmoney,200,59,06/29/12
jmoney,200,64,06/29/12
taylor,200,83,06/20/12
SabrinaF,200,83,06/18/12
Marcus,200,40,10/12/11
sounghwa,200,45,10/03/11
TRIEU,200,46,09/22/11
JHR,200,47,09/27/11
harold,200,47,11/29/11
baco,200,48,09/26/11
Naveed,200,48,10/29/11
poop,200,48,01/24/12
zEh,200,53,11/06/11
Bruno,200,54,10/07/11
Thetandfe,200,55,09/26/11
CUP,200,55,12/10/11
st2005,200,55,01/21/12
zombiechan,200,58,11/04/11
fisk,200,59,11/11/11
asd,200,61,10/04/11
luky,200,69,09/22/11
eyylt_com,200,72,01/26/12
SHITYFUK,200,78,10/18/11
fer,200,80,12/03/11
FCKKk,200,109,10/16/11
Gomer,200,140,09/23/11
uhkuh,200,142,01/21/12
somethingNew,190,22,06/16/12
okay,190,74,12/11/14
redfox13cts,190,59,12/05/14
abbay,190,254,11/07/14
Aaron,190,98,10/22/14
ggg,190,58,10/08/14
tommy,190,67,10/05/14
weh,190,37,09/14/14
Alooyg,190,56,09/06/14
kayla,190,59,08/22/14
Sam,190,119,08/11/14
Joe,190,53,06/04/14
Paddy,190,51,05/09/14
VZ_Writer,190,51,05/06/14
ghost,190,94,04/20/14
polo,190,55,04/14/14
snakeninja,190,86,04/11/14
uglyfart,190,146,03/24/14
ljkjk,190,82,03/15/14
CP11,190,116,02/21/14
mmg,190,64,02/17/14
mmg,190,51,02/17/14
batman,190,147,02/10/14
toms,190,127,06/30/13
ttrb,190,41,06/02/13
bvbvbv,190,71,05/14/13
merp,190,157,04/12/13
KayRaww,190,65,01/28/13
Zee,190,146,12/22/12
emb,190,57,07/17/12
jmoney,190,68,06/29/12
taylor,190,51,06/22/12
cowboy55,190,38,06/21/12
FAIL,190,55,06/20/12
Sabyy,190,74,06/18/12
irakli,190,77,06/16/12
bachmababe,190,24,09/15/11
dmaner,190,24,02/18/12
analsex,190,27,10/07/11
lolz,190,27,01/26/12
757bro,190,27,03/15/12
Meek,190,30,10/21/11
wdfg,190,31,04/01/12
popem,190,32,09/25/11
daad,190,33,09/22/11
Puta,190,35,10/04/11
Damner,190,35,12/04/11
clojo,190,36,11/13/11
CrazyWayne,190,37,03/09/12
bummer,190,42,10/19/11
meek,190,44,09/28/11
kyke,190,44,02/14/12
granfucker,190,46,02/06/12
Deepak,190,47,09/29/11
Tony,190,49,11/23/11
aaa,190,49,12/08/11
Dammer,190,51,03/23/12
Dave,190,57,11/04/11
fuck,190,61,11/11/11
Lucasb,190,67,10/12/11
BraydenH,190,72,10/11/11
Matt,190,75,09/25/11
josh98,190,93,09/23/11
Asmus,190,98,09/23/11
Fabio,190,100,11/16/11
liza,190,115,05/09/12
eac,190,121,10/27/11
hayato,190,138,03/12/12
mmm,190,189,10/26/11
lolers,180,28,09/30/11
conan,180,46,12/15/14
haha42,180,49,12/06/14
leo,180,87,11/26/14
leo,180,97,11/26/14
david,180,58,11/18/14
rattail,180,53,11/18/14
Eliza,180,40,10/28/14
con,180,75,10/27/14
ytrd,180,49,10/01/14
mjh,180,84,09/18/14
amu,180,42,09/16/14
LOVE,180,41,09/15/14
Adam,180,50,09/05/14
rylee,180,131,08/29/14
Sam,180,106,08/12/14
donzo,180,28,06/25/14
liz,180,58,06/18/14
Alex,180,73,06/04/14
jordy,180,48,05/02/14
luka,180,99,03/25/14
jaela,180,91,02/22/14
jake,180,57,02/18/14
FreeBee,180,30,01/20/14
pandora,180,29,11/05/13
cnnor,180,105,05/24/13
justin,180,107,05/15/13
connor,180,82,05/15/13
Spencer,180,34,04/29/13
cmm,180,58,04/26/13
bala,180,119,04/25/13
Chelny,180,71,04/01/13
Anu,180,90,02/03/13
KayRaww,180,53,01/28/13
tye,180,160,12/26/12
bjkb,180,144,10/10/12
steve,180,73,09/27/12
Majid,180,31,08/14/12
taylor,180,84,07/20/12
SSS,180,112,07/04/12
cowboy55,180,35,07/03/12
SabrinaF,180,48,06/18/12
superMan,180,35,06/16/12
Caccone,180,29,10/15/11
hfuihfdk,180,33,11/15/11
licidNight,180,34,09/15/11
aaaaaaaaaaaaaaa,180,38,04/08/12
Andres,180,40,09/28/11
neil,180,42,09/23/11
asdfasdf,180,45,10/05/11
rawr,180,45,10/18/11
nrk,180,50,11/18/11
Tom,180,51,09/30/11
ahh,180,53,01/22/12
AJSGCT,180,54,09/22/11
SHIT,180,56,01/21/12
bleah,180,59,09/25/11
norman,180,60,10/27/11
mhz,180,61,09/30/11
moo,180,62,11/09/11
broski,180,65,09/29/11
abhi,180,67,09/22/11
SHITTTT,180,67,10/16/11
zxczxczxcz,180,73,02/25/12
dddd,180,78,09/24/11
iFaniPod,180,78,10/16/11
m9898,180,111,04/09/12
Ryuuki,180,136,12/20/11
Yukiaya,180,253,05/15/12
beetleBug,170,25,09/18/11
conan,170,95,12/15/14
joey,170,123,12/12/14
Jarryd,170,64,12/03/14
zeeshan,170,51,11/27/14
sophia,170,84,08/25/14
yarik,170,46,07/08/14
sally,170,87,05/25/14
bacon,170,73,05/22/14
foobar,170,31,03/30/14
vik,170,64,03/17/14
dead,170,27,11/05/13
planete,170,64,07/19/13
pie,170,74,05/25/13
Oceanity,170,34,05/01/13
samburns,170,63,03/12/13
Kevin,170,87,02/02/13
poskafji,170,44,01/11/13
mrl,170,37,09/24/12
Majid,170,25,09/10/12
Majid,170,36,08/08/12
tay,170,84,07/16/12
smp,170,44,07/07/12
mick,170,25,11/06/11
meek,170,29,09/27/11
toofast,170,32,12/12/11
PolandKid,170,33,10/30/11
fakamza,170,36,09/22/11
damns,170,36,12/18/11
meek,170,38,09/22/11
Crusher,170,38,10/13/11
Mitch,170,38,04/09/12
punk,170,40,10/23/11
beebun,170,41,09/24/11
fuckilost,170,41,10/30/11
Brauni,170,41,02/20/12
Sylar,170,43,12/03/11
Jalla,170,45,05/06/12
clojo,170,50,11/13/11
joe,170,53,10/10/11
Eyal,170,56,10/10/11
100,170,60,09/22/11
ggg,170,62,11/25/11
lin,170,62,01/28/12
ericthered,170,70,10/13/11
yoyo,170,80,11/19/11
yuutohghio,170,126,10/28/11
ButterNuts,170,3501,04/25/12
Zboub,160,19,11/04/11
WyattBricker,160,51,12/16/14
lol,160,63,12/15/14
okay,160,70,12/11/14
Cam,160,65,12/01/14
jkb,160,53,11/26/14
abc,160,46,11/17/14
GHOST,160,149,11/06/14
Adam,160,51,09/05/14
Chai,160,121,08/22/14
chaze,160,52,08/01/14
bob,160,41,07/17/14
reewrtwe,160,106,05/22/14
his,160,61,05/16/14
jordy,160,99,04/11/14
abcde,160,73,04/05/14
Spencer,160,34,04/29/13
BALA,160,98,04/25/13
BALA,160,193,04/25/13
idris,160,69,04/13/13
briankid,160,35,04/11/13
estol,160,48,04/07/13
nic,160,5706,03/14/13
foobar,160,26,03/10/13
hey,160,85,02/28/13
desi,160,53,12/21/12
brendan,160,130,10/03/12
Doogie,160,74,07/27/12
cowboy55,160,46,07/02/12
taylor,160,107,06/21/12
taylor,160,147,06/19/12
xvdfgvx,160,74,06/17/12
runel,160,19,01/15/12
TvMoviesHulu,160,25,03/30/12
test,160,29,06/03/12
aasw,160,33,11/03/11
gdr12,160,33,11/19/11
Alastair,160,35,11/21/11
haha,160,36,03/30/12
hhaa,160,38,10/03/11
saddsa,160,42,10/02/11
SHITITTTT,160,54,10/16/11
ForzaMilan,160,57,01/21/12
May,160,58,01/21/12
kouhreeirjpaklf,160,64,05/03/12
gon,160,65,03/17/12
talx01,160,66,09/22/11
boris,160,66,01/21/12
DevPHP,160,69,09/21/11
ddd,160,69,10/30/11
horizon,160,71,12/06/11
jroutt,160,83,11/11/11
Ddesigns,160,84,10/23/11
qwe,160,90,01/21/12
leo,160,95,10/21/11
big,160,126,02/16/12
damner,150,21,05/22/12
Mewtolvlx,150,31,12/17/14
pkn,150,80,12/13/14
redfox13cts,150,106,12/05/14
leo,150,52,11/26/14
leo,150,83,11/26/14
warren,150,44,11/17/14
YARRRRRRRRRRRRR,150,85,10/14/14
amu,150,64,09/16/14
kiki,150,68,07/24/14
laz,150,80,05/14/14
Simi,150,77,03/30/14
foobar,150,28,03/24/14
BRANDON,150,98,03/12/14
bryleigh,150,57,02/28/14
bryleigh,150,56,02/28/14
mmg,150,41,02/17/14
killerBee,150,22,01/20/14
asdf,150,64,05/20/13
jamal,150,76,05/16/13
bala,150,84,04/25/13
bala,150,10611,04/25/13
asdffd,150,30,03/16/13
rikmuldcom,150,32,02/15/13
Desi,150,41,12/21/12
cowboy55,150,24,10/23/12
aaa,150,55,07/26/12
taylor,150,78,07/18/12
cowboy55,150,27,06/20/12
Sabrina,150,91,06/18/12
abul,150,49,06/17/12
sunface,150,22,09/30/11
Meek,150,22,10/21/11
KillerKan,150,22,12/14/11
haha,150,23,09/30/11
fgdfg,150,24,09/30/11
meek,150,26,09/28/11
Qma,150,28,11/15/11
MAX,150,32,04/13/12
meek,150,33,09/28/11
potato,150,34,11/04/11
chris,150,34,02/27/12
abc,150,35,11/07/11
Awe,150,36,03/17/12
Junk,150,38,10/16/11
loller,150,38,12/01/11
Mr068,150,38,06/06/12
Magnus,150,52,12/20/11
3333,150,59,01/21/12
fffffff,150,60,01/21/12
phs,150,61,10/15/11
Michael,150,75,10/16/11
kkii,150,77,09/22/11
player,150,77,04/10/12
Andew,150,89,09/27/11
cowboy55,140,19,07/03/12
yshaaaaaaa,140,76,12/03/14
Fabiano,140,53,11/14/14
JoeyFatone,140,50,11/13/14
chode,140,38,11/03/14
Leila,140,65,10/30/14
Julie,140,45,10/22/14
Ballsack,140,61,10/09/14
Butt,140,54,09/16/14
sdcd,140,40,09/16/14
Conman_123,140,49,08/27/14
yarik,140,39,07/08/14
Abiyahh,140,25,05/15/14
abbysambff,140,84,03/26/14
123,140,57,11/15/13
olivier,140,67,08/19/13
Shashank,140,60,11/14/12
juyhtgdfd,140,96,08/07/12
handsopen,140,23,09/15/11
cowboy55,140,23,07/03/12
brooks,140,38,06/22/12
taylor,140,54,06/21/12
taylor,140,86,06/19/12
uyp,140,66,06/19/12
cowboy55,140,27,06/18/12
asdfghjkl,140,23,09/29/11
mick,140,29,09/27/11
Blake,140,29,12/01/11
meek,140,30,09/27/11
buttman,140,31,09/15/11
FGF,140,32,12/08/11
jeroen,140,33,10/09/11
SHIT,140,36,10/16/11
4eee,140,36,11/20/11
Day,140,36,11/28/11
def,140,36,11/29/11
fuck,140,37,10/05/11
Den,140,39,11/10/11
Endres,140,40,12/03/11
Cristi,140,41,10/09/11
Anshul,140,45,11/11/11
lol,140,45,12/02/11
jupjup,140,51,12/07/11
meek,140,52,09/22/11
heh,140,62,11/15/11
pppr2y,140,66,10/26/11
takeru,140,66,04/13/12
artwind,140,73,10/09/11
bugs,140,76,09/18/11
vsrs,140,126,03/13/12
cowboy55,130,17,07/23/12
ufytrtyryt,130,70,12/11/14
Cam,130,54,12/01/14
mikey,130,48,11/11/14
Jango,130,31,11/06/14
adrian,130,41,10/23/14
yyy,130,112,09/25/14
6969696969,130,44,09/17/14
amu,130,47,09/16/14
grace,130,48,06/26/14
PABASSHAM,130,91,06/13/14
123456789,130,67,05/31/14
pieceofshitgame,130,45,05/22/14
simone,130,36,05/16/14
Caymin,130,56,05/15/14
Loretta,130,39,04/29/14
sahil,130,44,04/28/14
luka,130,87,03/25/14
yomama,130,159,02/05/14
Foobar,130,34,01/20/14
ljkasdf,130,38,07/29/13
leo,130,36,03/19/13
ngamer2001,130,42,02/20/13
desi,130,50,12/21/12
maro,130,35,11/27/12
Majid,130,23,09/11/12
aaa,130,47,07/26/12
foobar,130,37,07/24/12
foobar,130,19,06/03/12
cowboy55,130,23,07/11/12
smp,130,42,07/09/12
cowboy55,130,30,07/03/12
JMONEY,130,27,06/30/12
memoona,130,69,06/19/12
elvir,130,68,06/17/12
loserKid,130,21,06/16/12
killer,130,20,12/17/11
DamnerBabe,130,20,12/24/11
LoveMeNot,130,22,10/17/11
fart,130,22,11/15/11
eralp,130,22,04/25/12
ddddddddddddddd,130,23,03/30/12
bonkers,130,24,09/22/11
PYR,130,24,09/25/11
dammit,130,24,10/03/11
boob,130,24,10/16/11
Salustiano,130,25,10/09/11
BraydenH,130,25,10/12/11
k1nG,130,25,10/14/11
ahhnoo,130,26,09/30/11
oooo,130,27,10/06/11
jMint,130,27,11/12/11
BrianUstas,130,27,03/30/12
try,130,30,11/14/11
yohan,130,30,11/24/11
pakohan,130,37,11/02/11
toddler,130,39,09/18/11
afd,130,39,10/09/11
Lecter,130,40,10/18/11
Joshua,130,43,09/23/11
lkl,130,43,10/13/11
khjg,130,44,11/29/11
pieman,130,48,05/24/12
bitchHunter,130,50,09/04/11
kaju,130,53,10/15/11
fac3,130,57,10/20/11
BeasyMoMan,130,58,12/07/11
123,130,70,10/19/11
victor,130,71,02/29/12
duolong,130,77,01/18/12
dallin,130,78,02/28/12
lue,130,91,04/17/12
Majid,120,11,09/03/12
isuck,120,37,11/18/14
warren,120,60,11/17/14
KMB,120,39,11/10/14
DAn,120,79,11/07/14
adam,120,29,11/06/14
2121,120,50,11/03/14
grace,120,103,08/29/14
Chai,120,59,08/22/14
Alexander,120,24,08/13/14
cowboy,120,34,06/18/14
biglatexdildo,120,43,06/12/14
ELLAGHOPE,120,157,06/02/14
lol,120,46,05/29/14
mahes,120,32,02/11/14
nolab,120,21,01/29/14
brian,120,24,11/13/13
Daniele,120,21,06/28/13
epicsnarfsoup,120,28,06/13/13
tertflskdjfsdaf,120,34,05/15/13
idris,120,83,04/14/13
Fendri,120,540,12/21/12
Majid,120,17,09/03/12
dsf,120,12,09/18/11
Majid,120,26,09/03/12
Doogie,120,42,07/27/12
Doogie,120,42,07/27/12
cowboy55,120,29,07/03/12
cowboy55,120,22,07/03/12
taylor,120,82,06/21/12
taylor,120,62,06/21/12
taylor,120,64,06/19/12
Boring,120,46,06/19/12
loveBoy,120,25,06/16/12
killerBitch,120,22,06/15/12
willyWong,120,28,06/12/12
lovehurts,120,19,06/11/12
lolz,120,300,06/11/12
offo,120,77,06/11/12
loveAffair,120,32,06/10/12
duderBomb,120,13,03/30/12
dongs,120,15,02/11/12
killerDog,120,17,05/30/12
awe,120,19,10/08/11
willmty,120,20,09/15/11
FuckerDongTown,120,20,03/30/12
nwonewowoe,120,23,03/30/12
cuntfog,120,24,09/30/11
ddddDFDFDFFD,120,24,03/30/12
donger,120,25,12/02/11
gon,120,25,03/17/12
homo,120,26,09/30/11
Ghaliban,120,26,11/28/11
awe,120,26,03/17/12
Sunaadh,120,26,04/08/12
jdm,120,29,09/24/11
bitchHunt,120,30,09/30/11
salustiano,120,32,10/09/11
jose,120,32,11/18/11
FUCKKW,120,33,11/02/11
mepper,120,34,08/28/11
tetedecul,120,36,09/26/11
Cecilia,120,37,10/11/11
Dasf,120,37,11/10/11
abc,120,37,11/19/11
wanderlei,120,38,09/30/11
feio,120,39,09/22/11
asdf,120,40,09/29/11
dddd,120,42,10/07/11
mfisher,120,44,09/27/11
Rickmaster,120,45,12/01/11
nike,120,45,12/04/11
varun,120,47,01/19/12
mrhjk,120,56,10/10/11
busyBeaver,120,56,10/23/11
nozomi,120,84,05/25/12
popo,120,230,11/20/11
lovely,110,10,09/30/11
DROPTABLE,110,29,11/28/14
killercat,110,22,11/15/14
GHOST,110,113,11/06/14
Egd,110,21,11/04/14
SWAGGGGG,110,62,11/03/14
Eliza,110,49,10/28/14
Ctos2,110,36,10/09/14
Liakot,110,31,09/22/14
Isaiah,110,34,08/23/14
roski,110,34,08/16/14
clive,110,58,07/12/14
kendra,110,58,07/07/14
ddd,110,15,06/24/14
COCK,110,25,06/06/14
bhvtvtvtvvvy,110,51,05/16/14
dfsdf,110,48,05/02/14
sam,110,61,04/30/14
killlerDog,110,19,11/05/13
shayna,110,17,06/16/13
Ashton_C,110,56,06/11/13
BALA,110,95,04/25/13
killerBee,110,24,03/10/13
sam90210,110,79,02/04/13
Sean,110,33,12/19/12
killerKhan,110,24,12/16/12
mahesh,110,44,12/13/12
gntjgntjug,110,63,10/17/12
cowboy55,110,24,08/15/12
Majid,110,24,08/14/12
cowboy55,110,25,07/03/12
cowboy55,110,20,07/03/12
cowboy55,110,19,07/03/12
cowboy55,110,22,07/02/12
irathereatrandy,110,68,06/20/12
taylor,110,52,06/20/12
taylor,110,45,06/19/12
SabrinaF,110,31,06/18/12
lovelySoup,110,29,06/15/12
Kristine,110,16,06/10/12
xkcd,110,22,06/10/12
broski,110,13,10/07/11
MasoObs,110,15,02/16/12
dff,110,19,10/03/11
damenr,110,19,01/28/12
LovelyDayOUtr,110,20,03/30/12
duppa,110,22,10/10/11
zzz,110,23,10/03/11
dickard,110,23,01/20/12
b5roski,110,23,02/07/12
mar,110,25,12/14/11
CrazyG,110,27,10/20/11
Paddy,110,27,12/03/11
ddd,110,27,12/07/11
adssa,110,30,10/04/11
hangy,110,33,05/05/12
tiago,110,34,10/14/11
fgf,110,34,11/17/11
karoshi,110,34,12/12/11
MAhmad,110,36,11/29/11
Shiva,110,37,09/24/11
tyy,110,37,10/07/11
Wombat,110,38,10/18/11
DaJMAN,110,39,10/27/11
swagboss,110,52,02/28/12
fac3,110,61,10/20/11
Pappa,110,68,06/05/12
whatssu,100,13,06/16/12
SuperKid,100,39,12/12/14
joee,100,116,12/12/14
46454646,100,42,12/11/14
okay,100,56,12/11/14
nfg,100,20,12/10/14
hff,100,15,12/10/14
Dan,100,54,11/07/14
Leila,100,70,10/30/14
buhb,100,67,10/29/14
Michael,100,19,10/14/14
akay,100,294,10/08/14
f32,100,92,09/19/14
eje,100,49,07/31/14
zzz,100,16,06/24/14
kai,100,68,06/17/14
mikekunt,100,38,06/12/14
penis,100,41,06/12/14
Lachie,100,37,05/05/14
jordy,100,52,04/30/14
jordy,100,38,04/28/14
bnmpol,100,22,04/15/14
lol,100,26,04/14/14
Foobar,100,19,03/24/14
jhgjh,100,24,03/21/14
Boll,100,59,03/17/14
planete,100,15,07/19/13
fuckYou,100,31,06/11/13
jack,100,42,05/27/13
killerKid,100,13,05/20/13
phu,100,33,04/08/13
gay,100,1406,02/15/13
Sean,100,67,12/12/12
kazuma,100,87,09/27/12
hello,100,18,09/24/12
Yyy,100,26,08/26/12
Majid,100,20,08/21/12
Paulo,100,32,07/27/12
cowboy55,100,24,07/03/12
nad,100,36,07/03/12
bose,100,33,06/16/12
LucyLane,100,16,06/10/12
ofobar,100,17,06/15/12
killerKhan,100,17,06/15/12
